session_id,user_id,label,keystroke_count,mouse_event_count,session_duration_sec,avg_hold_time_ms,std_hold_time_ms,avg_flight_time_ms,std_flight_time_ms,typing_speed_wpm,avg_pressure,error_rate,avg_digraph_ms,avg_trigraph_ms,avg_mouse_velocity,avg_mouse_accel,avg_curvature,avg_jitter,avg_click_duration_ms,rhythm_consistency,data_familiarity_score,risk_score,authenticity_score
S001G000,1,genuine,80,120,275.4,96.34,12.68,98.47,20.58,46.9,0.4698,0.0584,135.21,265.1,598.14,952.14,0.1497,3.227,107.83,0.8776,0.9491,0.2335,0.8866
S001G001,1,genuine,80,120,284.0,71.23,12.68,133.07,20.58,58.6,0.4576,0.0763,137.34,267.95,592.11,926.18,0.2216,3.436,107.28,0.7512,0.764,0.1984,0.9364
S001G002,1,genuine,80,120,312.6,95.23,12.68,114.43,20.58,47.3,0.4565,0.0579,153.95,263.92,690.4,897.82,0.1579,4.055,113.56,0.8584,0.8153,0.0295,0.6858
S001G003,1,genuine,80,120,291.9,121.99,12.68,118.45,20.58,46.5,0.414,0.0696,137.73,310.33,342.81,1043.38,0.1456,3.32,94.29,0.8061,0.9623,0.0282,0.8075
S001G004,1,genuine,80,120,315.2,101.92,12.68,144.24,20.58,54.5,0.4974,0.0634,168.37,248.64,425.19,925.91,0.2007,4.034,126.25,0.9073,0.7603,0.1689,0.9226
S001G005,1,genuine,80,120,211.1,94.12,12.68,133.64,20.58,59.5,0.4468,0.0603,150.76,277.19,479.69,662.98,0.1597,2.898,97.85,0.8494,0.9219,0.2058,0.8255
S001G006,1,genuine,80,120,330.2,81.11,12.68,113.47,20.58,61.0,0.4297,0.0721,153.36,276.55,386.06,1045.6,0.209,3.789,118.92,0.8554,1,0.1977,1
S001G007,1,genuine,80,120,306.6,90.58,12.68,89.46,20.58,63.5,0.4846,0.0755,150.75,280.48,639.74,826.62,0.1713,4.032,117.35,0.9151,0.7809,0.1277,0.8292
S001G008,1,genuine,80,120,271.6,119.91,12.68,89.81,20.58,68.5,0.4754,0.0529,135.46,247.17,402.21,333.31,0.1866,3.257,95.54,0.8086,0.8624,0.0985,0.8275
S001G009,1,genuine,80,120,216.4,70.11,12.68,133.72,20.58,50.0,0.5865,0.0665,148.8,239.63,656.72,1077.42,0.1098,2.696,119.0,0.8163,0.8296,0.3709,0.8211
S001G010,1,genuine,80,120,250.1,79.87,12.68,122.21,20.58,54.9,0.4115,0.0528,157.85,240.91,532.94,475.71,0.2047,3.373,91.53,0.9939,0.9813,0.3102,0.9012
S001G011,1,genuine,80,120,323.6,64.5,12.68,94.43,20.58,41.0,0.3081,0.0775,170.79,259.0,381.8,1069.0,0.1397,4.01,98.0,0.7329,0.9116,0.1825,0.8631
S001G012,1,genuine,80,120,338.9,79.42,12.68,135.35,20.58,49.7,0.4701,0.0626,153.25,271.55,519.54,791.21,0.1699,3.548,150.14,0.738,1,0.0711,0.8058
S001G013,1,genuine,80,120,210.5,97.0,12.68,126.21,20.58,60.5,0.4619,0.0696,156.22,246.98,567.07,408.16,0.1349,4.047,123.51,0.8804,0.8801,0.0562,0.9127
S001G014,1,genuine,80,120,238.4,107.42,12.68,138.8,20.58,65.4,0.4999,0.0523,165.35,276.81,318.92,726.71,0.1302,3.239,106.55,0.8481,0.8379,0.2262,0.8752
S001G015,1,genuine,80,120,329.9,94.42,12.68,116.72,20.58,43.5,0.4683,0.0744,156.89,256.36,644.64,1000.7,0.1266,2.866,106.26,0.9048,0.793,0.3303,0.799
S001G016,1,genuine,80,120,280.0,80.59,12.68,96.87,20.58,47.4,0.4299,0.0548,148.58,260.92,406.29,1097.54,0.204,3.609,102.84,0.8967,0.9964,0.09,0.942
S001G017,1,genuine,80,120,288.0,81.1,12.68,116.36,20.58,52.8,0.3233,0.0686,154.23,267.57,424.48,893.02,0.1513,3.356,113.44,0.9762,0.982,0.1969,1
S001G018,1,genuine,80,120,307.3,75.88,12.68,129.48,20.58,60.3,0.4214,0.0735,128.89,275.62,574.34,990.7,0.1306,3.967,118.0,0.8692,0.8045,0.1614,0.8048
S001G019,1,genuine,80,120,238.1,89.93,12.68,140.87,20.58,78.2,0.3365,0.0621,140.07,251.45,478.33,848.97,0.1385,3.323,104.84,0.8685,1,0.1128,0.8675
S001G020,1,genuine,80,120,293.9,79.34,12.68,114.08,20.58,52.0,0.5337,0.0742,146.97,248.43,515.75,699.85,0.1186,3.974,123.57,0.9293,0.827,0.19,0.9554
S001G021,1,genuine,80,120,242.0,81.06,12.68,84.17,20.58,63.7,0.4805,0.0742,151.83,247.44,493.76,1246.13,0.1822,3.608,108.68,0.8623,0.8699,0.1842,0.8027
S001G022,1,genuine,80,120,185.8,97.18,12.68,132.0,20.58,57.6,0.34,0.0756,167.25,306.88,604.86,473.86,0.1774,3.472,98.42,0.8097,1,0.083,0.9669
S001G023,1,genuine,80,120,297.1,106.65,12.68,93.91,20.58,47.3,0.5304,0.0687,137.63,251.39,566.49,921.26,0.1599,3.535,139.6,0.9718,0.9783,0.2922,0.9652
S001G024,1,genuine,80,120,248.3,84.58,12.68,116.09,20.58,66.9,0.4974,0.0559,153.2,258.44,540.66,847.47,0.1457,3.345,110.0,0.8362,1,0.0284,0.9505
S001G025,1,genuine,80,120,338.5,86.9,12.68,130.42,20.58,46.6,0.4418,0.0448,151.7,268.01,769.41,511.68,0.1367,2.78,81.99,0.7375,1,0,1
S001G026,1,genuine,80,120,282.6,98.95,12.68,127.3,20.58,67.4,0.5413,0.0637,172.95,270.85,519.64,637.31,0.1616,3.239,128.87,0.7215,1,0.0648,0.9523
S001G027,1,genuine,80,120,360.0,112.94,12.68,84.83,20.58,42.4,0.4267,0.0646,128.71,309.58,540.83,1010.44,0.211,3.793,106.96,0.8762,0.852,0.1576,0.8483
S001G028,1,genuine,80,120,325.7,105.24,12.68,87.3,20.58,52.2,0.4308,0.0488,181.23,271.28,491.97,302.85,0.1836,3.663,116.83,0.758,0.9655,0.1574,0.9429
S001G029,1,genuine,80,120,260.8,87.65,12.68,133.09,20.58,63.4,0.5652,0.0548,141.68,294.82,627.29,1070.49,0.1752,3.82,137.17,0.8283,0.8391,0.0978,0.917
S001G030,1,genuine,80,120,404.0,72.5,12.68,161.85,20.58,45.0,0.5088,0.0621,164.52,238.48,650.79,1045.47,0.1626,3.487,112.54,0.7828,0.8745,0.0529,0.9779
S001G031,1,genuine,80,120,351.5,96.75,12.68,56.93,20.58,60.2,0.4717,0.0514,147.48,305.36,579.2,646.84,0.1314,3.291,96.1,0.8799,0.739,0.0623,0.8183
S001G032,1,genuine,80,120,293.7,91.14,12.68,123.72,20.58,59.2,0.4793,0.0606,170.13,256.65,582.73,624.51,0.1453,3.902,90.76,0.9113,0.8944,0.0348,0.6676
S001G033,1,genuine,80,120,145.0,89.4,12.68,128.72,20.58,54.3,0.5406,0.0567,167.66,253.23,512.02,947.66,0.1327,3.028,113.53,0.836,0.9734,0.1982,0.775
S001G034,1,genuine,80,120,227.0,115.53,12.68,102.12,20.58,76.2,0.4814,0.0641,166.25,301.34,612.03,938.38,0.1239,3.489,105.89,0.7917,0.7572,0.2294,1
S001G035,1,genuine,80,120,363.0,110.91,12.68,113.23,20.58,54.4,0.4107,0.0468,159.18,252.44,445.37,942.41,0.217,3.795,99.21,0.7037,0.9275,0.0423,0.8199
S001G036,1,genuine,80,120,310.8,83.19,12.68,126.69,20.58,52.3,0.4985,0.0699,168.13,248.63,345.89,923.49,0.1482,3.099,100.54,0.6313,1,0.0763,0.8889
S001G037,1,genuine,80,120,172.9,103.77,12.68,111.07,20.58,47.9,0.4116,0.0692,157.31,245.1,341.62,910.8,0.221,3.485,89.48,0.9254,0.8767,0.2754,1
S001G038,1,genuine,80,120,249.6,94.48,12.68,104.87,20.58,60.9,0.4748,0.0553,159.19,275.04,636.09,656.92,0.1763,3.131,98.47,0.703,0.6501,0.1415,0.8279
S001G039,1,genuine,80,120,373.6,112.62,12.68,100.51,20.58,56.7,0.5606,0.0684,148.07,283.35,574.49,958.38,0.1717,3.927,116.5,0.8866,1,0.1038,0.9724
S001G040,1,genuine,80,120,194.5,80.25,12.68,99.81,20.58,51.4,0.3725,0.0477,151.66,239.63,476.42,814.08,0.172,3.534,100.28,0.8557,1,0.3012,0.9795
S001G041,1,genuine,80,120,220.0,81.65,12.68,119.18,20.58,47.0,0.4386,0.0704,139.73,285.71,436.25,942.1,0.1151,3.987,107.02,0.8535,0.887,0.2236,0.8196
S001G042,1,genuine,80,120,262.0,104.73,12.68,119.34,20.58,59.4,0.4655,0.0628,155.24,249.06,556.26,938.57,0.1446,3.074,121.54,0.8524,1,0,0.7815
S001G043,1,genuine,80,120,349.6,85.46,12.68,115.85,20.58,46.0,0.4392,0.056,167.14,277.76,717.35,630.94,0.2025,3.341,103.78,0.852,0.9041,0.2751,0.9545
S001G044,1,genuine,80,120,234.1,73.21,12.68,84.54,20.58,47.9,0.5015,0.0728,149.2,290.05,413.71,588.88,0.188,4.27,115.21,0.8172,0.8369,0.232,0.8079
S001G045,1,genuine,80,120,369.0,77.89,12.68,92.13,20.58,59.3,0.4199,0.0684,149.34,299.23,568.78,1029.56,0.1324,3.648,110.91,0.8786,0.7999,0.2068,0.7995
S001G046,1,genuine,80,120,357.0,89.01,12.68,121.83,20.58,67.8,0.466,0.0689,146.79,255.29,372.94,788.47,0.1603,3.562,115.33,0.9017,0.9264,0.2522,1
S001G047,1,genuine,80,120,257.6,103.86,12.68,135.41,20.58,57.7,0.4259,0.062,149.9,261.91,510.79,577.3,0.1643,4.439,119.35,0.8821,0.8349,0.1189,1
S001G048,1,genuine,80,120,219.8,77.61,12.68,121.02,20.58,61.6,0.3907,0.0552,126.93,263.39,576.5,829.42,0.1775,3.787,84.51,0.7989,0.8802,0.0654,0.8581
S001G049,1,genuine,80,120,311.6,73.88,12.68,126.12,20.58,51.8,0.5318,0.0657,147.89,282.28,440.9,1255.11,0.1347,2.866,97.28,0.9311,0.949,0.1971,0.8244
S001I000,1,impostor,80,120,430.4,99.76,20.01,48.48,34.25,92.7,0.7183,0.04,172.2,198.15,318.4,574.27,0.0794,2.351,120.45,0.5718,0.4848,0.8463,0.4117
S001I001,1,impostor,80,120,492.6,71.26,13.84,77.79,50.61,56.1,0.7292,0.1176,125.1,203.95,563.64,743.21,0.1582,0,64.54,0.5347,0.3274,0.7091,0.3032
S001I002,1,impostor,80,120,419.3,83.45,17.29,127.9,51.84,51.2,0.4173,0.0449,122.43,202.31,274.52,875.68,0.2041,2.063,130.65,0.5624,0.4489,0.6319,0.4692
S001I003,1,impostor,80,120,390.6,124.7,20.01,57.11,34.25,81.6,0.4045,0.07,163.14,180.16,296.26,476.26,0.0455,1.469,115.14,0.579,0.5279,0.7292,0.4083
S001I004,1,impostor,80,120,507.1,61.8,17.29,98.15,51.84,40.5,0.6022,0.0521,104.79,269.01,572.11,898.45,0.2723,1.35,141.52,0.4856,0.3781,0.7933,0.363
S001I005,1,impostor,80,120,263.6,70.46,16.56,111.47,27.62,29.9,0.5676,0.0215,230.37,134.58,447.2,825.28,0.1323,3.41,119.36,0.4582,0.2697,0.4762,0.4649
S001I006,1,impostor,80,120,269.2,89.94,31.07,197.79,38.06,35.3,0.5523,0.0436,112.02,211.0,547.84,488.6,0.1077,3.825,118.3,0.4538,0.3442,0.7495,0.4628
S001I007,1,impostor,80,120,330.8,87.57,27.55,59.57,26.94,75.3,0.5647,0.1516,137.64,263.04,163.32,560.13,0.1576,4.588,93.19,0.4796,0.4129,0.6568,0.3606
S001I008,1,impostor,80,120,527.9,87.28,13.84,83.97,50.61,41.2,0.8095,0.1185,157.06,141.06,880.03,798.71,0.1312,1.474,76.68,0.6601,0.3109,0.785,0.3595
S001I009,1,impostor,80,120,300.1,111.24,27.55,82.56,26.94,70.7,0.7739,0.1386,120.52,296.15,11.64,1387.15,0.1482,3.534,59.97,0.4981,0.4049,0.7896,0.3252
S001I010,1,impostor,80,120,422.9,103.17,20.01,145.24,34.25,95.8,0.5746,0.0504,174.42,204.06,225.17,796.1,0.1423,1.8,116.96,0.5693,0.3886,0.7379,0.2869
S001I011,1,impostor,80,120,303.8,114.9,29.82,149.84,46.53,36.7,0.628,0.0411,187.1,242.7,669.76,645.2,0.1548,4.222,95.45,0.5882,0.4087,0.7509,0.2886
S001I012,1,impostor,80,120,376.5,75.06,12.16,124.73,27.07,68.2,0.7962,0.0574,157.61,279.69,400.32,367.67,0.172,3.022,139.53,0.5101,0.3932,0.6916,0.4078
S001I013,1,impostor,80,120,391.5,78.32,16.56,126.57,27.62,82.3,0.5208,0.0219,197.58,155.47,679.03,1160.15,0.1549,3.436,130.94,0.4228,0.5162,0.6156,0.4699
S001I014,1,impostor,80,120,302.3,82.99,32.45,120.19,36.06,58.6,0.8301,0.1378,166.51,225.75,736.87,1066.69,0.2675,4.143,112.1,0.546,0.506,0.6651,0.2736
S001I015,1,impostor,80,120,282.1,84.18,12.16,135.47,27.07,68.2,0.8124,0.0658,126.48,322.15,307.3,355.69,0.1805,4.043,169.94,0.6702,0.494,0.697,0.4639
S001I016,1,impostor,80,120,520.8,49.02,31.07,129.29,38.06,40.6,0.7882,0.0394,101.23,232.57,240.86,593.82,0.1798,2.255,145.68,0.6262,0.5061,0.5928,0.4316
S001I017,1,impostor,80,120,352.4,105.71,13.84,107.25,50.61,55.6,0.4247,0.1096,169.63,195.85,427.3,1222.2,0.0967,1.318,102.75,0.5746,0.5451,0.6588,0.1979
S001I018,1,impostor,80,120,450.1,98.3,20.01,147.84,34.25,94.8,0.5352,0.0606,162.93,190.75,243.67,525.44,0.0876,2.565,128.8,0.4347,0.4338,0.9812,0.3507
S001I019,1,impostor,80,120,420.6,96.88,12.16,131.28,27.07,68.8,0.4298,0.0763,145.07,303.97,349.36,30.24,0.0886,2.784,130.78,0.4822,0.2692,0.9316,0.197
S002G000,2,genuine,80,120,327.6,88.14,10.64,83.0,38.93,53.4,0.5745,0.0743,139.08,205.9,453.52,757.37,0.0927,1.697,57.17,0.9283,0.9322,0.1604,0.7282
S002G001,2,genuine,80,120,176.5,82.55,10.64,46.17,38.93,51.1,0.9059,0.0902,170.91,181.2,497.12,1015.7,0.0163,1.296,70.44,0.956,0.8355,0.3242,0.839
S002G002,2,genuine,80,120,223.0,76.29,10.64,58.38,38.93,51.8,0.5712,0.0829,142.43,204.1,463.53,1391.41,0.0389,1.086,76.41,0.8201,0.8552,0.1519,0.9488
S002G003,2,genuine,80,120,438.7,94.25,10.64,51.43,38.93,45.1,0.5878,0.0744,186.37,173.26,676.49,701.32,0.0774,1.155,85.69,0.8229,0.9989,0.1384,0.9521
S002G004,2,genuine,80,120,389.0,76.37,10.64,69.69,38.93,61.2,0.5565,0.0718,141.01,185.37,554.5,713.14,0.0912,2.082,90.28,0.8158,0.9882,0.1825,0.8508
S002G005,2,genuine,80,120,364.1,75.06,10.64,96.27,38.93,46.9,0.7941,0.0773,146.68,151.39,651.12,857.89,0.0972,2.129,50.2,0.7911,0.838,0.2639,0.8598
S002G006,2,genuine,80,120,259.5,81.07,10.64,117.54,38.93,52.0,0.7019,0.0745,159.99,183.72,549.96,999.11,0.1631,1.363,74.94,0.5952,0.7183,0.1128,0.7853
S002G007,2,genuine,80,120,202.9,80.33,10.64,106.52,38.93,54.4,0.8277,0.0885,146.72,191.53,496.85,858.61,0.0669,1.86,81.13,0.885,0.8058,0.0838,1
S002G008,2,genuine,80,120,303.3,113.38,10.64,78.74,38.93,48.8,0.5204,0.0833,148.76,157.6,721.3,1028.43,0.0823,1.499,71.86,0.7447,0.8232,0.1323,0.7672
S002G009,2,genuine,80,120,335.5,81.56,10.64,38.66,38.93,51.7,0.6162,0.0882,135.79,164.85,464.42,861.15,0.085,1.024,98.26,0.9757,0.9771,0.2098,0.8867
S002G010,2,genuine,80,120,308.0,102.24,10.64,92.29,38.93,55.5,0.5431,0.0657,143.1,129.9,527.36,801.9,0.1233,1.003,73.52,0.8763,0.911,0.2107,0.8644
S002G011,2,genuine,80,120,295.6,75.0,10.64,94.61,38.93,51.7,0.8178,0.0723,149.82,194.5,448.21,415.65,0.0247,1.344,79.55,0.8439,0.8869,0.1809,0.8661
S002G012,2,genuine,80,120,410.5,82.48,10.64,88.18,38.93,51.0,0.6821,0.0795,137.89,140.99,626.06,506.96,0.1062,0.951,67.61,0.733,1,0.1046,0.886
S002G013,2,genuine,80,120,287.1,90.69,10.64,136.89,38.93,51.9,0.6927,0.0757,159.67,185.79,539.57,589.52,0.0444,1.094,70.05,0.9218,0.9463,0.1278,0.8751
S002G014,2,genuine,80,120,263.6,92.62,10.64,56.8,38.93,51.3,0.4967,0.05,136.82,231.93,688.64,971.84,0.1061,1.51,67.06,0.8487,0.9297,0.1081,0.8608
S002G015,2,genuine,80,120,360.4,91.68,10.64,22.27,38.93,48.0,0.6943,0.086,175.35,133.8,340.44,893.13,0.0792,1.72,72.84,0.7972,0.8823,0.2345,0.8609
S002G016,2,genuine,80,120,185.8,70.01,10.64,143.6,38.93,42.3,0.5012,0.0844,134.88,186.63,415.93,946.72,0.0963,0.704,68.91,0.6311,0.9236,0.2163,0.9894
S002G017,2,genuine,80,120,389.2,95.09,10.64,80.68,38.93,50.6,0.7787,0.0802,143.34,187.29,661.77,659.61,0.0808,1.51,74.18,0.8389,0.9502,0.1746,1
S002G018,2,genuine,80,120,266.5,81.06,10.64,82.12,38.93,49.6,0.7135,0.0845,122.31,179.13,536.68,731.8,0.056,1.404,79.8,0.7331,0.985,0.0079,0.9778
S002G019,2,genuine,80,120,271.8,99.11,10.64,29.03,38.93,56.4,0.8184,0.1064,149.75,142.33,497.11,524.77,0.0604,1.173,81.13,0.943,0.9972,0.0934,0.8867
S002G020,2,genuine,80,120,238.9,74.76,10.64,113.7,38.93,57.9,0.7956,0.0864,145.34,168.04,531.45,526.9,0.0518,1.16,72.82,0.723,0.8844,0.1121,0.938
S002G021,2,genuine,80,120,203.3,89.53,10.64,141.68,38.93,53.3,0.731,0.0691,144.69,152.82,443.23,650.9,0.0863,1.266,50.65,0.8781,0.7124,0,0.9857
S002G022,2,genuine,80,120,389.3,88.13,10.64,41.63,38.93,51.3,0.6624,0.0927,128.25,136.91,657.05,1139.61,0.0685,0.638,97.46,0.8084,0.9052,0.1668,0.8968
S002G023,2,genuine,80,120,253.7,89.23,10.64,118.2,38.93,51.1,0.652,0.0771,143.44,202.12,594.9,775.23,0.1131,1.716,76.48,0.7593,0.8728,0,0.8555
S002G024,2,genuine,80,120,328.6,94.78,10.64,72.42,38.93,52.2,0.9087,0.0925,148.37,188.86,578.56,534.12,0.0701,1.877,88.84,0.7646,0.7608,0.1993,1
S002G025,2,genuine,80,120,305.8,84.26,10.64,95.95,38.93,58.3,0.7767,0.0826,127.52,187.36,477.16,1126.9,0.0654,1.589,78.03,0.8469,0.9207,0.1804,0.7752
S002G026,2,genuine,80,120,282.8,95.66,10.64,83.11,38.93,47.4,0.5133,0.0582,107.15,167.42,379.77,627.67,0.0653,0.973,76.05,0.8248,0.827,0.1637,0.9302
S002G027,2,genuine,80,120,186.2,108.94,10.64,97.56,38.93,51.3,0.8896,0.0764,158.9,162.21,533.54,452.61,0.0983,1.58,71.67,0.875,1,0.294,0.8947
S002G028,2,genuine,80,120,212.3,95.52,10.64,81.32,38.93,50.6,0.6862,0.0885,150.24,139.48,445.9,543.89,0.1118,1.78,51.19,0.7839,0.9303,0.163,1
S002G029,2,genuine,80,120,296.6,98.76,10.64,146.49,38.93,51.7,0.6764,0.0738,125.26,208.66,514.42,1040.55,0.1069,1.86,49.3,0.8883,0.7412,0.0469,0.8016
S002G030,2,genuine,80,120,332.7,91.0,10.64,91.18,38.93,56.5,0.5925,0.078,120.91,193.97,463.23,463.66,0.0597,1.702,79.62,0.9289,0.7831,0.0875,0.9403
S002G031,2,genuine,80,120,240.0,100.04,10.64,168.01,38.93,49.6,0.8764,0.1086,168.65,172.06,510.3,774.33,0.0466,1.147,91.82,0.7377,0.8167,0.2411,0.8791
S002G032,2,genuine,80,120,392.4,80.52,10.64,131.41,38.93,57.9,0.7614,0.0571,116.92,155.14,442.28,1063.37,0.1096,1.231,65.84,0.882,0.5579,0.075,0.8016
S002G033,2,genuine,80,120,371.6,91.65,10.64,91.08,38.93,52.9,0.3937,0.0646,174.33,171.98,449.74,857.27,0,1.3,75.53,1,0.8437,0.2197,0.9417
S002G034,2,genuine,80,120,265.4,90.47,10.64,82.41,38.93,47.4,0.7691,0.0747,126.25,192.15,511.37,985.32,0.0631,1.098,63.7,0.7732,0.7064,0.1395,0.888
S002G035,2,genuine,80,120,209.4,86.33,10.64,76.36,38.93,50.7,0.5736,0.0735,138.83,170.23,659.59,946.16,0.0849,1.191,67.44,0.924,0.7631,0.0384,0.9059
S002G036,2,genuine,80,120,320.5,98.64,10.64,105.59,38.93,45.1,0.6439,0.0795,160.31,193.03,438.8,917.72,0.1094,2.065,81.44,0.7483,0.8011,0.2317,0.7526
S002G037,2,genuine,80,120,251.3,91.55,10.64,103.82,38.93,56.4,0.7307,0.0965,149.96,190.51,420.28,895.54,0.0494,1.196,94.64,0.7688,0.8331,0.1726,0.9511
S002G038,2,genuine,80,120,382.2,84.56,10.64,104.85,38.93,57.4,0.6611,0.0895,115.33,137.7,433.33,580.17,0.0469,0.761,90.47,0.828,1,0.1758,0.9133
S002G039,2,genuine,80,120,330.4,92.87,10.64,92.12,38.93,49.4,0.6379,0.0766,148.11,161.45,471.6,482.66,0.0835,1.645,81.86,0.7722,0.8106,0.1262,0.8283
S002G040,2,genuine,80,120,286.0,100.67,10.64,103.16,38.93,57.2,0.8646,0.0899,139.56,174.85,538.45,557.21,0.0341,1.744,72.29,1,0.8594,0.1018,0.8067
S002G041,2,genuine,80,120,196.4,70.42,10.64,76.78,38.93,50.1,0.5567,0.0724,113.56,156.93,589.24,343.85,0.1109,2.135,77.25,0.8323,0.9404,0.3525,0.8791
S002G042,2,genuine,80,120,317.5,91.99,10.64,94.9,38.93,53.4,0.7512,0.066,133.65,184.52,610.69,614.36,0.1255,1.256,83.17,0.7049,0.9464,0.1837,0.7321
S002G043,2,genuine,80,120,323.5,103.58,10.64,96.67,38.93,49.4,0.742,0.0827,127.67,135.21,616.05,807.03,0.0637,1.464,85.15,0.7951,0.95,0.1875,0.8925
S002G044,2,genuine,80,120,315.2,94.85,10.64,90.24,38.93,56.2,0.6988,0.0821,129.09,156.67,754.19,505.98,0.0885,0.974,43.64,0.8875,0.9724,0.05,0.8052
S002G045,2,genuine,80,120,350.3,79.77,10.64,75.39,38.93,43.5,0.6973,0.0807,174.63,143.32,573.25,651.93,0.0819,1.389,64.99,0.8028,0.8045,0.1474,0.7888
S002G046,2,genuine,80,120,283.9,91.74,10.64,112.15,38.93,50.8,0.7464,0.0768,138.19,165.53,623.7,685.44,0.0577,1.653,88.9,0.7918,0.7938,0.0625,0.869
S002G047,2,genuine,80,120,249.6,77.76,10.64,70.36,38.93,47.1,0.3964,0.069,152.74,122.97,670.14,380.71,0.0689,1.668,93.05,0.9341,0.9539,0,0.8744
S002G048,2,genuine,80,120,308.6,96.11,10.64,157.13,38.93,54.2,0.6284,0.0886,146.83,219.13,522.0,696.03,0.0435,1.08,69.07,0.7244,1,0.1863,0.7974
S002G049,2,genuine,80,120,272.2,83.1,10.64,125.73,38.93,47.0,0.6324,0.0619,143.62,149.05,544.09,388.6,0.0678,1.397,82.21,0.8699,0.9376,0.1755,0.9701
S002I000,2,impostor,80,120,414.4,85.82,17.29,15.7,51.84,57.6,0.5465,0.0398,142.06,196.35,256.51,986.72,0.247,2.188,129.55,0.4422,0.5076,0.8227,0.1716
S002I001,2,impostor,80,120,238.5,103.77,12.16,171.84,27.07,57.0,0.6069,0.0724,117.35,291.6,285.57,235.43,0.2159,3.28,140.53,0.5316,0.6435,0.9153,0.3634
S002I002,2,impostor,80,120,469.2,110.88,20.01,119.53,34.25,85.6,0.5739,0.057,168.98,201.75,413.88,643.03,0.083,2.377,118.79,0.49,0.2954,0.7107,0.5318
S002I003,2,impostor,80,120,418.3,96.56,17.29,151.01,51.84,30.3,0.4543,0.0556,127.37,199.59,538.06,816.26,0.329,2.387,127.4,0.5599,0.4348,0.8741,0.367
S002I004,2,impostor,80,120,385.0,152.38,29.82,171.67,46.53,63.0,0.8025,0.0357,179.65,265.63,405.29,696.03,0.1596,3.909,117.18,0.5374,0.5344,0.5779,0.1682
S002I005,2,impostor,80,120,380.8,84.12,12.16,135.26,27.07,57.5,0.6842,0.0797,141.57,256.04,419.82,695.2,0.1807,2.738,142.69,0.6654,0.607,0.7808,0.2023
S002I006,2,impostor,80,120,438.0,36.13,32.45,64.88,36.06,56.8,0.8066,0.14,186.12,249.11,345.31,498.17,0.2266,2.762,109.39,0.607,0.4753,0.6638,0.3385
S002I007,2,impostor,80,120,372.2,111.67,31.07,174.37,38.06,38.7,0.8231,0.0166,121.44,215.4,464.09,572.26,0.1092,2.416,124.42,0.4913,0.2536,0.7035,0.4597
S002I008,2,impostor,80,120,391.4,99.16,17.29,119.4,51.84,42.5,0.3705,0.053,107.74,210.2,484.43,715.89,0.2193,0.977,157.13,0.6756,0.3245,0.4173,0.3308
S002I009,2,impostor,80,120,283.3,98.25,20.01,160.48,34.25,86.2,0.6799,0.0438,193.6,197.15,416.37,464.24,0.0434,2.228,116.65,0.5905,0.3467,0.7918,0.2885
S002I010,2,impostor,80,120,465.2,132.91,32.45,66.91,36.06,61.7,0.6552,0.138,167.08,235.04,596.24,1254.68,0.2712,2.994,106.68,0.4636,0.4318,0.7677,0.3434
S002I011,2,impostor,80,120,210.8,94.64,32.45,145.97,36.06,58.7,0.4855,0.1415,189.8,209.76,620.42,1153.2,0.182,2.997,75.86,0.502,0.4284,0.7133,0.3411
S002I012,2,impostor,80,120,422.3,89.54,17.29,79.36,51.84,56.2,0.4719,0.0482,110.63,227.28,506.5,1161.65,0.1732,1.95,151.42,0.4414,0.6514,0.7783,0.4674
S002I013,2,impostor,80,120,459.2,95.52,16.56,137.32,27.62,72.6,0.6902,0.0264,206.4,164.06,668.98,585.55,0.1538,2.81,124.65,0.6179,0.3352,0.5649,0.3835
S002I014,2,impostor,80,120,344.7,94.14,17.29,-7.18,51.84,52.1,0.5125,0.0513,115.7,193.19,540.46,1430.0,0.2291,0.693,122.64,0.5925,0.6808,0.5568,0.3901
S002I015,2,impostor,80,120,394.1,74.31,31.07,106.13,38.06,28.2,0.6216,0.0411,100.54,207.25,68.87,568.12,0.1088,2.564,120.72,0.4236,0.1344,0.7934,0.3044
S002I016,2,impostor,80,120,393.4,79.38,20.01,70.44,34.25,92.9,0.8796,0.039,120.31,148.25,221.17,126.87,0.0663,1.868,109.77,0.537,0.4399,0.6284,0.4418
S002I017,2,impostor,80,120,355.3,41.46,32.45,171.73,36.06,54.2,0.5496,0.122,182.41,209.88,363.07,907.66,0.2063,2.798,92.34,0.4456,0.4795,0.7791,0.2594
S002I018,2,impostor,80,120,470.6,102.82,16.48,113.72,26.75,44.4,0.3621,0.0855,130.8,278.87,656.29,604.94,0.1929,3.522,125.09,0.4827,0.5623,0.6939,0.2254
S002I019,2,impostor,80,120,520.2,115.77,20.01,141.1,34.25,91.5,0.498,0.0386,175.5,192.55,230.92,-4.46,0.072,2.875,106.57,0.5439,0.5215,0.8266,0.4501
S003G000,3,genuine,80,120,426.8,110.1,9.36,115.26,20.82,65.7,0.7338,0.0514,121.6,318.5,351.18,638.51,0.1684,2.965,153.98,0.7622,0.8612,0.1152,0.9446
S003G001,3,genuine,80,120,356.5,94.37,9.36,88.27,20.82,66.3,0.6769,0.0509,141.63,307.88,417.9,815.12,0.1764,2.976,150.84,0.8336,0.9374,0.0658,0.7807
S003G002,3,genuine,80,120,318.4,109.32,9.36,155.05,20.82,75.7,0.7234,0.0686,150.77,278.89,391.36,475.0,0.1654,2.729,137.39,0.7554,0.9241,0.0497,0.9563
S003G003,3,genuine,80,120,299.7,101.41,9.36,150.44,20.82,43.2,0.6349,0.0753,144.79,320.98,266.56,510.33,0.2207,2.826,145.22,0.8233,0.9052,0.1237,0.8701
S003G004,3,genuine,80,120,270.8,90.99,9.36,132.79,20.82,64.5,0.565,0.0271,148.69,304.0,308.37,813.96,0.2078,3.784,148.23,0.8156,1,0.3027,1
S003G005,3,genuine,80,120,345.2,107.48,9.36,134.72,20.82,54.1,0.6592,0.0601,159.96,324.84,220.55,797.48,0.1277,3.329,162.91,0.9026,0.8088,0.1487,1
S003G006,3,genuine,80,120,393.8,88.05,9.36,146.87,20.82,73.0,0.7602,0.0549,146.31,294.45,277.3,44.41,0.1957,3.228,150.67,0.8206,0.7885,0.0873,0.7694
S003G007,3,genuine,80,120,328.8,103.44,9.36,120.07,20.82,51.6,0.8683,0.0606,113.23,308.39,432.15,699.31,0.1471,3.226,151.81,0.7561,0.8963,0.0819,0.901
S003G008,3,genuine,80,120,262.1,92.84,9.36,150.22,20.82,77.8,0.718,0.0551,105.93,329.03,390.19,336.13,0.2393,3.645,134.15,0.7541,1,0.2685,0.97
S003G009,3,genuine,80,120,349.6,99.06,9.36,169.52,20.82,71.8,0.8059,0.0591,155.37,310.49,341.69,810.5,0.195,3.85,129.89,0.9043,0.8871,0.0504,0.9574
S003G010,3,genuine,80,120,349.1,92.96,9.36,127.39,20.82,69.0,0.8191,0.0631,146.19,323.13,322.73,526.08,0.1816,3.05,129.47,0.7591,0.9867,0,1
S003G011,3,genuine,80,120,228.7,106.4,9.36,141.83,20.82,65.6,0.7177,0.0627,128.99,292.43,344.14,588.89,0.1955,3.347,136.98,0.8511,0.9582,0.1546,0.8492
S003G012,3,genuine,80,120,257.1,120.93,9.36,162.48,20.82,71.3,0.7062,0.0487,145.78,311.29,388.18,354.33,0.2297,3.443,145.0,0.8708,0.9548,0.1313,0.8382
S003G013,3,genuine,80,120,369.5,88.49,9.36,153.09,20.82,57.0,0.6349,0.0513,148.05,308.66,489.05,279.69,0.145,3.081,141.54,0.8147,0.9135,0,1
S003G014,3,genuine,80,120,321.7,109.91,9.36,122.43,20.82,63.3,0.8469,0.0631,138.42,321.14,172.82,692.55,0.1481,2.952,137.92,0.8572,0.8819,0.101,0.9301
S003G015,3,genuine,80,120,423.9,100.79,9.36,142.87,20.82,60.1,0.6815,0.0583,156.81,328.47,463.84,768.57,0.1617,3.241,131.94,0.8282,0.796,0.1346,1
S003G016,3,genuine,80,120,213.9,109.39,9.36,129.32,20.82,56.1,0.7354,0.0611,132.68,353.65,486.9,185.89,0.188,2.521,156.28,0.7252,1,0,0.8865
S003G017,3,genuine,80,120,245.3,104.91,9.36,175.24,20.82,66.7,0.7193,0.0575,146.13,280.77,440.56,476.27,0.1507,3.014,126.21,0.7133,0.8086,0.3455,1
S003G018,3,genuine,80,120,283.5,82.2,9.36,164.36,20.82,70.8,0.6103,0.0549,144.41,266.88,311.21,768.49,0.1136,3.59,157.59,0.67,0.7931,0.1791,0.9453
S003G019,3,genuine,80,120,322.7,89.72,9.36,163.01,20.82,49.8,0.6957,0.0532,128.28,315.41,488.82,644.34,0.1581,3.262,125.66,0.7967,0.7766,0.141,0.9093
S003G020,3,genuine,80,120,310.6,77.11,9.36,147.96,20.82,68.9,0.7031,0.0467,133.25,291.07,402.05,1067.65,0.1893,2.802,151.32,0.8343,0.8789,0.0313,0.7737
S003G021,3,genuine,80,120,422.6,93.78,9.36,114.65,20.82,69.1,0.6762,0.0579,164.42,301.8,429.86,539.64,0.1259,3.4,147.1,0.7616,0.8996,0.2935,0.8485
S003G022,3,genuine,80,120,403.8,108.94,9.36,115.59,20.82,68.8,0.7262,0.0698,153.72,278.86,350.32,595.27,0.1415,2.557,141.61,0.7175,0.9538,0.2735,1
S003G023,3,genuine,80,120,279.1,115.36,9.36,160.09,20.82,66.4,0.8164,0.0595,136.4,301.37,391.76,491.89,0.2337,3.365,150.14,0.9923,0.7713,0.1015,0.8899
S003G024,3,genuine,80,120,349.5,99.36,9.36,124.22,20.82,65.5,0.6002,0.0646,163.89,339.04,440.23,1006.07,0.192,3.031,150.21,0.7561,0.8024,0.1508,0.8282
S003G025,3,genuine,80,120,344.4,103.34,9.36,121.73,20.82,62.1,0.7184,0.0563,155.69,290.52,310.4,432.39,0.1365,3.466,147.64,0.8481,0.807,0.1926,0.8823
S003G026,3,genuine,80,120,310.8,104.18,9.36,168.8,20.82,61.5,0.5384,0.0552,137.3,350.02,286.64,319.22,0.1659,3.065,164.23,0.8108,0.8217,0,0.9457
S003G027,3,genuine,80,120,259.3,91.29,9.36,164.12,20.82,66.8,0.644,0.0773,139.52,315.26,418.55,564.54,0.1786,3.292,135.42,0.6935,0.8989,0.0804,0.8866
S003G028,3,genuine,80,120,210.4,81.15,9.36,145.67,20.82,62.0,0.8036,0.0672,141.48,348.46,371.87,170.47,0.154,3.11,147.55,0.697,0.8391,0.2156,0.9583
S003G029,3,genuine,80,120,212.7,90.99,9.36,139.52,20.82,59.1,0.7718,0.0564,150.5,294.92,253.64,594.35,0.1583,3.704,151.31,0.7873,1,0.1427,0.9015
S003G030,3,genuine,80,120,268.4,100.14,9.36,140.53,20.82,64.5,0.5633,0.0367,147.55,317.5,430.1,760.38,0.1596,3.114,151.87,0.8,0.9414,0.0614,0.7048
S003G031,3,genuine,80,120,335.9,102.38,9.36,165.39,20.82,70.0,0.7646,0.0425,154.75,292.93,473.66,812.72,0.2057,3.238,149.62,0.9055,0.9716,0.0895,0.9469
S003G032,3,genuine,80,120,371.9,96.9,9.36,131.95,20.82,60.4,0.7451,0.0701,153.87,300.37,256.12,603.36,0.1431,2.744,144.11,0.761,0.9647,0.1318,0.7231
S003G033,3,genuine,80,120,245.7,102.22,9.36,126.64,20.82,69.2,0.83,0.073,133.31,348.07,538.7,556.8,0.1424,2.386,128.82,0.8789,0.9597,0.1093,0.9055
S003G034,3,genuine,80,120,319.4,110.1,9.36,167.09,20.82,55.5,0.5818,0.0634,129.62,305.22,353.61,626.95,0.1913,2.45,156.8,0.8042,0.7779,0.1849,0.8136
S003G035,3,genuine,80,120,276.9,95.66,9.36,157.86,20.82,77.7,0.7657,0.0497,151.35,318.8,347.58,589.42,0.192,3.385,149.67,0.7719,0.8627,0.1659,0.832
S003G036,3,genuine,80,120,344.3,105.35,9.36,160.14,20.82,63.7,0.8693,0.0376,148.44,324.18,328.55,570.08,0.1971,3.014,157.46,0.9965,0.9019,0.215,0.9169
S003G037,3,genuine,80,120,216.0,104.46,9.36,177.0,20.82,55.7,0.6411,0.0774,149.22,301.03,338.73,434.27,0.1567,2.569,169.33,0.8026,1,0.1714,0.9259
S003G038,3,genuine,80,120,369.0,84.39,9.36,138.78,20.82,76.8,0.7462,0.0489,147.51,304.0,370.91,412.07,0.2015,2.913,150.63,0.8375,0.9764,0.0633,0.8511
S003G039,3,genuine,80,120,396.4,93.73,9.36,180.33,20.82,67.4,0.6561,0.0408,151.04,328.03,413.71,58.06,0.1677,2.99,147.92,0.8375,0.9036,0.0715,0.8286
S003G040,3,genuine,80,120,192.4,95.76,9.36,146.83,20.82,68.7,0.5961,0.0537,159.47,284.33,279.51,708.7,0.1692,3.874,152.33,0.8395,0.8816,0.1071,1
S003G041,3,genuine,80,120,398.9,89.23,9.36,135.77,20.82,61.0,0.8513,0.0531,109.62,304.37,311.46,562.13,0.1594,4.165,137.2,0.7066,0.966,0.0904,0.8442
S003G042,3,genuine,80,120,354.2,91.2,9.36,123.27,20.82,64.0,0.652,0.0505,154.81,352.61,416.53,532.9,0.1248,3.359,156.65,0.9495,0.8098,0,0.9173
S003G043,3,genuine,80,120,315.5,97.55,9.36,133.29,20.82,55.5,0.6311,0.0668,173.61,308.57,290.08,666.42,0.1328,2.695,141.95,0.922,1,0.2349,0.8898
S003G044,3,genuine,80,120,267.8,103.02,9.36,164.14,20.82,78.6,0.7654,0.0756,135.5,339.45,362.71,545.31,0.1375,2.75,124.2,0.8949,0.7821,0.1139,0.8785
S003G045,3,genuine,80,120,308.2,107.04,9.36,158.53,20.82,70.8,0.8499,0.0605,143.93,301.95,407.29,300.56,0.2057,3.018,127.25,0.8472,0.9958,0.0081,0.8874
S003G046,3,genuine,80,120,362.9,85.8,9.36,130.68,20.82,75.6,0.5734,0.067,165.79,303.58,395.91,610.69,0.1771,3.518,144.88,0.7881,0.8621,0.0173,0.8677
S003G047,3,genuine,80,120,335.1,91.41,9.36,126.62,20.82,60.2,0.7051,0.0609,151.39,313.65,286.11,606.5,0.1754,2.918,144.17,0.9473,0.9666,0.1185,0.6655
S003G048,3,genuine,80,120,260.6,105.43,9.36,148.03,20.82,57.7,0.5714,0.0503,148.5,300.06,430.39,475.25,0.1738,3.188,159.69,0.7869,0.9602,0.0051,0.7911
S003G049,3,genuine,80,120,327.7,92.12,9.36,129.62,20.82,57.3,0.6446,0.0577,133.6,317.6,333.21,544.73,0.1341,2.867,137.45,0.8042,0.8919,0.2206,0.8913
S003I000,3,impostor,80,120,403.6,113.01,27.55,99.02,26.94,70.0,0.8539,0.1553,142.03,251.22,404.88,1170.77,0.2181,3.459,105.17,0.4904,0.276,0.6363,0.4046
S003I001,3,impostor,80,120,374.3,85.68,16.48,117.43,26.75,24.9,0.5443,0.0865,176.53,300.53,611.09,742.8,0.198,4.593,101.01,0.4718,0.3685,0.7389,0.5464
S003I002,3,impostor,80,120,365.0,101.67,16.48,129.34,26.75,69.5,0.566,0.0563,169.71,232.05,593.09,531.35,0.1612,3.365,119.31,0.5277,0.5393,0.7958,0.4016
S003I003,3,impostor,80,120,368.1,79.26,13.84,13.23,50.61,48.0,0.7822,0.1124,142.64,162.02,389.27,908.83,0.0046,1.702,114.09,0.5027,0.5397,0.5886,0.297
S003I004,3,impostor,80,120,489.9,65.51,16.48,86.45,26.75,38.1,0.4962,0.0877,140.05,245.69,649.24,993.01,0.1942,3.085,104.75,0.4889,0.4359,0.8969,0.292
S003I005,3,impostor,80,120,359.4,60.36,27.55,60.5,26.94,66.5,0.7996,0.1506,130.71,274.37,546.59,1332.7,0.1396,3.343,131.45,0.5534,0.4585,0.5903,0.2687
S003I006,3,impostor,80,120,408.4,134.36,29.82,87.83,46.53,42.0,0.8137,0.0206,157.7,252.21,254.13,686.21,0.1008,3.972,87.25,0.5389,0.5035,0.5333,0.3108
S003I007,3,impostor,80,120,493.4,106.06,16.48,133.95,26.75,53.7,0.4753,0.0945,144.65,259.78,403.45,591.07,0.2036,3.914,111.61,0.4713,0.4663,0.749,0.2908
S003I008,3,impostor,80,120,459.9,65.75,31.07,162.32,38.06,20.0,0.6817,0.0268,119.65,239.84,120.67,295.24,0.1504,3.759,123.82,0.4479,0.3541,0.5909,0.3007
S003I009,3,impostor,80,120,394.9,104.74,17.29,80.41,51.84,47.2,0.6395,0.0379,111.5,209.15,410.81,901.41,0.2571,2.152,128.07,0.6002,0.3988,0.7932,0.3963
S003I010,3,impostor,80,120,329.8,125.01,29.82,120.53,46.53,56.6,0.5422,0.0412,210.34,266.26,482.13,434.32,0.1244,3.703,109.29,0.5529,0.4888,0.9269,0.4211
S003I011,3,impostor,80,120,388.9,79.32,17.29,95.17,51.84,51.1,0.6235,0.0489,139.45,184.78,566.12,889.35,0.2511,0.811,133.31,0.6869,0.4577,0.7969,0.248
S003I012,3,impostor,80,120,393.7,91.39,31.07,104.56,38.06,43.4,0.8307,0.0302,123.65,243.52,367.21,346.35,0.0666,3.044,110.61,0.5689,0.3496,0.5585,0.3229
S003I013,3,impostor,80,120,371.3,75.78,16.56,115.29,27.62,66.1,0.6941,0.0186,165.55,127.62,540.7,928.77,0.1418,4.107,123.1,0.587,0.428,0.6439,0.3998
S003I014,3,impostor,80,120,385.6,139.79,29.82,186.64,46.53,69.4,0.8153,0.0366,226.86,227.68,491.81,957.33,0.1556,4.277,70.5,0.4792,0.4172,0.7536,0.3938
S003I015,3,impostor,80,120,464.3,73.77,16.56,115.0,27.62,68.8,0.5328,0.0201,140.66,123.58,772.46,892.15,0.1679,3.397,153.84,0.7307,0.4902,0.6828,0.4076
S003I016,3,impostor,80,120,436.1,106.63,17.29,43.69,51.84,35.1,0.443,0.0675,122.95,231.74,448.88,1334.57,0.2118,2.028,121.53,0.5123,0.4416,0.7157,0.3153
S003I017,3,impostor,80,120,384.3,84.78,17.29,127.25,51.84,46.6,0.4135,0.0661,135.03,210.47,617.7,913.47,0.2891,1.331,134.61,0.5636,0.2763,0.9884,0.2198
S003I018,3,impostor,80,120,260.6,114.63,31.07,149.39,38.06,37.0,0.743,0.0349,99.33,215.94,544.15,544.31,0.0707,2.697,114.29,0.5592,0.4247,0.9454,0.4086
S003I019,3,impostor,80,120,428.2,64.57,20.01,101.58,34.25,90.2,0.6573,0.0548,152.52,158.93,355.16,800.0,0.1092,2.229,128.61,0.5892,0.5793,0.6802,0.3394
S004G000,4,genuine,80,120,345.0,117.1,21.19,42.38,20.73,66.5,0.6861,0.1098,104.55,292.98,227.02,1110.4,0.1266,3.445,91.5,0.8104,0.9729,0.2231,0.961
S004G001,4,genuine,80,120,224.2,110.58,21.19,71.27,20.73,62.6,0.5974,0.127,139.72,296.67,185.26,1178.23,0.1966,3.247,98.93,0.7649,0.8897,0.2246,0.9522
S004G002,4,genuine,80,120,182.9,49.37,21.19,52.06,20.73,65.2,0.4771,0.121,143.51,267.39,308.24,970.57,0.157,3.171,99.71,0.7794,0.8436,0.0627,0.7288
S004G003,4,genuine,80,120,296.8,45.0,21.19,50.44,20.73,61.4,0.5727,0.093,116.72,258.34,221.67,863.2,0.2022,3.249,95.07,0.8723,0.6744,0.1763,0.8815
S004G004,4,genuine,80,120,257.5,78.47,21.19,72.33,20.73,67.9,0.7606,0.114,132.99,298.72,315.1,992.28,0.1897,3.579,105.56,0.6872,0.8506,0.0026,0.8425
S004G005,4,genuine,80,120,298.9,95.24,21.19,54.33,20.73,69.9,0.6887,0.0974,129.88,255.73,391.15,1247.84,0.1246,3.486,92.69,0.8647,1,0.1387,0.9554
S004G006,4,genuine,80,120,219.2,92.85,21.19,58.49,20.73,70.7,0.7468,0.1119,122.57,241.69,308.96,1227.64,0.1311,3.648,102.33,0.8072,0.6742,0.2496,0.8321
S004G007,4,genuine,80,120,263.7,119.04,21.19,77.43,20.73,70.8,0.6238,0.0984,126.96,258.48,325.85,1085.37,0.1188,3.167,96.6,0.7955,0.8576,0.0947,0.9502
S004G008,4,genuine,80,120,244.9,81.37,21.19,61.84,20.73,72.3,0.5952,0.1147,131.78,257.65,173.79,1027.15,0.1865,3.655,100.76,0.9205,0.6576,0.0982,0.8146
S004G009,4,genuine,80,120,249.8,55.13,21.19,89.97,20.73,65.2,0.7147,0.1147,144.96,278.15,317.27,1141.83,0.1855,4.055,126.07,0.8345,0.9575,0.2277,0.8986
S004G010,4,genuine,80,120,264.2,70.95,21.19,34.25,20.73,69.0,0.5976,0.0962,155.84,262.73,341.17,1183.75,0.1224,3.347,114.32,0.8076,0.9168,0.2524,0.8561
S004G011,4,genuine,80,120,385.1,74.91,21.19,29.16,20.73,68.6,0.6231,0.104,155.85,286.11,147.17,1024.01,0.1296,3.434,94.74,0.817,0.8478,0.2334,1
S004G012,4,genuine,80,120,237.0,87.33,21.19,62.5,20.73,70.2,0.5556,0.1122,142.4,290.36,238.04,1046.07,0.1976,3.573,121.4,0.9246,0.7922,0.0665,0.9705
S004G013,4,genuine,80,120,274.8,77.17,21.19,58.82,20.73,65.6,0.6607,0.1093,125.44,315.43,291.57,982.04,0.1813,3.826,115.34,0.7636,1,0.2714,1
S004G014,4,genuine,80,120,390.5,68.9,21.19,31.04,20.73,74.4,0.8487,0.0977,116.91,294.93,285.56,1059.25,0.134,2.612,115.41,0.7985,0.8615,0.0899,0.8006
S004G015,4,genuine,80,120,296.3,107.46,21.19,61.34,20.73,64.9,0.6131,0.1086,119.46,232.02,157.17,915.8,0.146,2.654,100.96,0.7607,0.9049,0.2077,0.9387
S004G016,4,genuine,80,120,283.9,64.65,21.19,58.79,20.73,63.1,0.5449,0.1008,126.67,292.55,258.65,972.84,0.1306,2.934,93.29,0.7014,0.8836,0.1845,0.9097
S004G017,4,genuine,80,120,320.0,38.23,21.19,86.06,20.73,68.9,0.5164,0.1004,134.25,247.51,454.36,1075.06,0.1443,3.779,98.42,0.8068,0.7812,0,0.7997
S004G018,4,genuine,80,120,139.9,63.96,21.19,81.51,20.73,61.7,0.6196,0.1122,138.57,267.66,290.39,930.69,0.1293,4.022,122.42,0.8709,1,0.0192,0.8498
S004G019,4,genuine,80,120,211.9,85.94,21.19,78.73,20.73,68.0,0.6549,0.1225,111.15,284.47,367.88,1017.73,0.1142,3.518,100.54,0.9236,0.9656,0.2317,0.8235
S004G020,4,genuine,80,120,252.2,106.09,21.19,76.0,20.73,68.4,0.7173,0.1137,112.79,287.04,316.72,1324.91,0.1206,4.216,119.43,0.8129,0.8977,0.1132,0.8441
S004G021,4,genuine,80,120,284.1,121.62,21.19,80.11,20.73,66.7,0.8082,0.1207,129.2,271.45,179.86,609.55,0.0891,3.907,123.14,0.729,0.8294,0.072,0.7786
S004G022,4,genuine,80,120,359.2,81.1,21.19,75.27,20.73,64.7,0.7724,0.1226,161.63,257.68,103.31,1050.97,0.1391,3.524,124.73,0.8241,0.813,0.1764,0.9149
S004G023,4,genuine,80,120,356.8,73.26,21.19,23.3,20.73,74.3,0.6564,0.1132,128.79,281.57,350.34,1260.76,0.1198,3.561,103.0,0.6253,0.8943,0.1712,0.9023
S004G024,4,genuine,80,120,376.0,101.09,21.19,82.02,20.73,61.4,0.6648,0.1085,127.11,284.55,218.39,1008.12,0.1221,3.373,121.94,0.6082,0.8582,0.2668,0.9723
S004G025,4,genuine,80,120,341.2,78.04,21.19,17.56,20.73,67.9,0.6946,0.1257,139.74,288.74,306.54,973.99,0.139,3.902,105.2,0.7617,1,0.3467,0.8091
S004G026,4,genuine,80,120,415.1,105.61,21.19,87.13,20.73,67.1,0.6619,0.104,145.7,261.62,313.9,989.55,0.1376,2.946,77.39,0.8821,0.8081,0.282,0.9607
S004G027,4,genuine,80,120,277.5,76.14,21.19,59.01,20.73,68.9,0.6985,0.1261,129.65,277.46,242.59,1183.89,0.1663,3.685,90.96,0.7095,0.8226,0.1505,0.8852
S004G028,4,genuine,80,120,443.4,88.07,21.19,43.7,20.73,62.8,0.6676,0.122,112.77,266.58,415.16,1178.18,0.1905,3.008,100.47,0.8212,0.8007,0.1647,1
S004G029,4,genuine,80,120,249.1,66.78,21.19,39.17,20.73,62.6,0.8451,0.0819,79.06,234.09,340.3,1207.05,0.1733,3.704,94.8,0.844,0.8921,0.1871,0.9578
S004G030,4,genuine,80,120,361.9,106.48,21.19,52.72,20.73,67.9,0.7829,0.1297,125.25,258.53,206.08,988.55,0.1479,4.085,117.98,0.833,1,0.1562,0.8293
S004G031,4,genuine,80,120,289.4,93.47,21.19,86.74,20.73,64.0,0.5359,0.1116,154.57,257.34,295.41,1287.08,0.1619,3.847,133.97,0.8842,0.9905,0.0937,0.9765
S004G032,4,genuine,80,120,207.6,71.15,21.19,52.91,20.73,65.3,0.8046,0.1002,149.79,289.51,48.13,884.83,0.1505,2.759,117.41,0.886,0.8213,0.1077,0.9657
S004G033,4,genuine,80,120,234.8,98.12,21.19,45.27,20.73,61.7,0.6817,0.0944,156.27,283.8,388.77,806.79,0.1173,3.159,102.99,0.7583,1,0.0938,0.8942
S004G034,4,genuine,80,120,368.5,83.86,21.19,38.23,20.73,61.2,0.5772,0.0989,125.74,227.49,283.19,1214.74,0.1342,4.476,115.04,0.8223,0.9492,0,0.9653
S004G035,4,genuine,80,120,260.7,104.74,21.19,45.26,20.73,66.4,0.7155,0.1129,142.93,301.11,250.02,1170.6,0.0882,3.731,100.05,0.8731,0.8724,0.261,0.9415
S004G036,4,genuine,80,120,297.2,67.8,21.19,83.4,20.73,67.1,0.6115,0.1026,141.78,285.79,328.37,1095.29,0.1475,4.011,122.09,0.8247,0.775,0.1447,0.8327
S004G037,4,genuine,80,120,319.7,67.19,21.19,85.42,20.73,75.0,0.5915,0.1097,105.26,264.8,365.3,1149.92,0.1747,3.83,109.48,0.7823,0.7022,0.2171,0.7368
S004G038,4,genuine,80,120,348.7,66.33,21.19,121.72,20.73,66.6,0.5875,0.1169,128.57,295.53,176.77,1078.93,0.149,3.594,102.07,0.7933,0.9363,0.1487,0.9146
S004G039,4,genuine,80,120,309.1,104.7,21.19,46.13,20.73,60.2,0.5939,0.1198,138.07,257.34,230.57,930.88,0.1497,3.625,125.18,0.8786,0.8079,0.1765,0.9499
S004G040,4,genuine,80,120,291.3,59.0,21.19,81.58,20.73,65.8,0.7108,0.1294,121.06,265.87,259.93,1034.74,0.1065,3.513,85.52,0.8282,0.8171,0.013,0.8596
S004G041,4,genuine,80,120,317.3,59.8,21.19,47.35,20.73,70.2,0.6608,0.0994,115.79,282.43,402.44,1078.69,0.1611,4.614,96.81,0.6549,0.9207,0.2667,0.8282
S004G042,4,genuine,80,120,449.4,74.44,21.19,74.94,20.73,65.0,0.6517,0.1096,137.84,268.33,391.0,1133.13,0.1785,3.466,112.23,0.8323,0.9052,0.189,0.9276
S004G043,4,genuine,80,120,360.9,82.6,21.19,69.86,20.73,77.2,0.7612,0.1066,128.35,290.03,272.49,1251.42,0.1469,4.113,120.8,0.786,0.9758,0.2174,0.9359
S004G044,4,genuine,80,120,339.0,45.92,21.19,91.32,20.73,68.3,0.6946,0.1108,151.57,275.85,313.71,1170.12,0.1514,3.403,112.64,0.8194,1,0.0545,0.942
S004G045,4,genuine,80,120,329.3,45.57,21.19,59.18,20.73,69.6,0.6753,0.0946,125.3,247.2,302.5,953.55,0.1147,3.213,106.64,0.8566,0.8775,0.1305,0.8571
S004G046,4,genuine,80,120,401.1,66.98,21.19,113.02,20.73,62.7,0.797,0.113,127.97,252.65,329.06,1377.21,0.1538,3.933,105.11,1,0.9242,0.3834,0.9329
S004G047,4,genuine,80,120,307.9,113.37,21.19,61.88,20.73,61.6,0.662,0.1096,131.66,254.7,450.64,1182.59,0.1341,3.714,129.78,0.8387,0.8736,0.2543,0.9626
S004G048,4,genuine,80,120,278.1,82.41,21.19,81.05,20.73,66.0,0.6115,0.111,157.39,284.53,255.38,1009.38,0.1615,3.643,122.36,0.8721,1,0.1521,0.857
S004G049,4,genuine,80,120,342.2,86.76,21.19,47.99,20.73,69.7,0.6182,0.1197,103.29,285.38,221.83,936.67,0.1879,3.544,114.48,0.8556,0.7339,0.2468,0.8712
S004I000,4,impostor,80,120,251.4,83.87,16.56,128.4,27.62,65.5,0.5799,0.034,180.55,196.83,768.47,881.47,0.2609,3.525,153.75,0.6293,0.3959,0.7021,0.3132
S004I001,4,impostor,80,120,176.9,82.57,16.48,124.51,26.75,27.2,0.3528,0.0812,140.85,284.57,272.8,651.58,0.2052,3.783,109.95,0.5371,0.5911,0.8175,0.4067
S004I002,4,impostor,80,120,364.1,110.2,17.29,214.25,51.84,45.7,0.4496,0.0475,133.92,216.79,415.18,556.43,0.2523,1.476,141.32,0.5586,0.3725,0.7024,0.2726
S004I003,4,impostor,80,120,408.6,113.16,29.82,77.7,46.53,77.2,0.9007,0.0431,182.82,190.93,328.78,443.16,0.1826,3.824,98.8,0.5194,0.5321,0.8546,0.3772
S004I004,4,impostor,80,120,292.6,117.34,13.84,62.63,50.61,55.4,0.7664,0.1171,146.84,113.9,572.81,422.49,0.0835,1.917,69.11,0.6282,0.4508,0.7047,0.3249
S004I005,4,impostor,80,120,386.0,66.11,16.56,149.6,27.62,74.7,0.8618,0.0506,166.59,163.06,524.62,1041.0,0.148,4.457,135.68,0.5594,0.4758,0.821,0.3606
S004I006,4,impostor,80,120,361.5,77.97,16.56,124.38,27.62,82.3,0.4083,0.0586,190.09,133.0,505.92,966.06,0.1998,2.728,118.01,0.6286,0.4713,0.8344,0.5315
S004I007,4,impostor,80,120,340.7,77.58,16.56,141.17,27.62,73.1,0.5644,0.0405,205.63,127.39,616.54,747.88,0.2067,3.56,133.62,0.4188,0.3725,0.5321,0.3057
S004I008,4,impostor,80,120,422.2,71.51,20.01,124.24,34.25,80.8,0.685,0.0666,144.49,213.8,422.61,500.69,0.0629,2.844,98.74,0.6031,0.4,0.6096,0.3601
S004I009,4,impostor,80,120,344.4,85.34,16.56,97.32,27.62,64.4,0.7434,0.0416,192.57,147.41,694.32,679.61,0.1765,3.789,159.68,0.5848,0.5425,0.6258,0.3567
S004I010,4,impostor,80,120,348.4,109.13,12.16,145.4,27.07,72.6,0.6886,0.0726,152.83,298.82,238.25,72.4,0.1762,3.691,146.17,0.5455,0.2775,0.5917,0.4438
S004I011,4,impostor,80,120,452.7,104.2,29.82,148.29,46.53,52.9,0.7405,0.03,214.95,290.58,463.09,845.19,0.2193,4.004,62.87,0.6449,0.406,0.7517,0.336
S004I012,4,impostor,80,120,264.6,57.46,20.01,127.42,34.25,70.3,0.729,0.0484,153.6,212.73,426.07,788.33,0.0466,1.535,97.34,0.6675,0.4717,0.8402,0.1792
S004I013,4,impostor,80,120,489.9,96.14,16.48,89.99,26.75,55.8,0.4234,0.0944,155.33,237.56,300.62,1059.19,0.1684,3.953,96.0,0.585,0.4797,0.7954,0.1804
S004I014,4,impostor,80,120,395.6,89.03,16.48,68.69,26.75,52.8,0.4732,0.0816,108.34,284.36,682.54,836.75,0.1423,4.243,94.13,0.5649,0.468,0.7551,0.4638
S004I015,4,impostor,80,120,386.3,93.76,13.84,100.53,50.61,53.4,0.8543,0.089,171.42,183.81,657.36,901.33,0.0864,1.191,96.4,0.6066,0.3358,0.8068,0.3606
S004I016,4,impostor,80,120,452.3,119.79,16.48,148.92,26.75,57.1,0.4389,0.0937,191.61,277.09,677.0,990.17,0.122,3.429,83.27,0.6341,0.4078,0.6573,0.3741
S004I017,4,impostor,80,120,368.6,140.84,32.45,140.39,36.06,64.2,0.5391,0.1314,154.7,171.01,583.95,277.41,0.2806,2.703,79.23,0.7532,0.4303,0.6836,0.3801
S004I018,4,impostor,80,120,490.5,101.0,13.84,196.69,50.61,59.1,0.6262,0.1146,146.65,175.1,427.86,803.55,0.0768,1.381,70.5,0.3869,0.5527,0.7209,0.3295
S004I019,4,impostor,80,120,369.8,105.61,16.48,109.08,26.75,46.8,0.4543,0.084,135.42,298.92,328.03,646.78,0.16,3.361,118.14,0.6717,0.3002,0.6802,0.3371
S005G000,5,genuine,80,120,281.8,89.38,24.96,178.68,27.74,63.2,0.4758,0.0782,184.73,253.62,586.07,616.77,0.2314,2.661,119.44,0.7898,0.7081,0.1233,0.9511
S005G001,5,genuine,80,120,405.2,90.34,24.96,107.51,27.74,57.5,0.8051,0.1057,208.03,223.45,752.01,821.64,0.2213,3.098,110.93,0.8951,0.9139,0.2657,0.9645
S005G002,5,genuine,80,120,341.4,111.13,24.96,146.68,27.74,53.6,0.6334,0.1013,178.27,259.05,417.34,1205.99,0.1981,2.201,88.85,0.6686,0.9383,0.2097,0.9249
S005G003,5,genuine,80,120,310.9,74.56,24.96,177.33,27.74,58.7,0.6892,0.1224,164.87,244.35,583.0,955.24,0.2247,2.328,104.93,0.7711,0.9152,0.1386,0.7714
S005G004,5,genuine,80,120,341.3,43.3,24.96,111.4,27.74,59.9,0.6208,0.0944,214.45,213.74,577.17,1240.41,0.2156,2.349,80.19,0.774,0.6656,0.1063,0.9054
S005G005,5,genuine,80,120,300.9,60.63,24.96,134.85,27.74,61.3,0.7949,0.1127,165.31,222.08,390.0,816.9,0.2123,2.393,82.13,0.7385,0.8053,0.2745,0.8265
S005G006,5,genuine,80,120,298.9,67.28,24.96,118.29,27.74,51.9,0.6579,0.1035,203.09,221.42,435.44,307.07,0.2857,2.693,91.67,0.8917,0.7506,0.3816,1
S005G007,5,genuine,80,120,387.2,78.01,24.96,168.97,27.74,66.5,0.887,0.0814,173.97,225.55,508.72,1087.58,0.2435,2.528,93.16,0.8586,0.7871,0,0.7434
S005G008,5,genuine,80,120,263.1,99.27,24.96,88.39,27.74,61.7,0.5518,0.1058,163.39,228.47,627.35,772.78,0.2495,2.227,86.04,0.8467,0.8457,0.0409,0.9149
S005G009,5,genuine,80,120,252.0,55.05,24.96,127.02,27.74,57.8,0.7308,0.1136,168.28,237.97,371.22,768.63,0.2508,2.492,103.72,0.7843,0.9157,0.1501,0.7376
S005G010,5,genuine,80,120,319.6,45.41,24.96,159.33,27.74,56.7,0.568,0.1018,172.67,237.58,932.87,904.66,0.2415,2.647,96.4,0.9955,1,0.1281,0.8474
S005G011,5,genuine,80,120,238.2,26.74,24.96,77.29,27.74,61.3,0.657,0.0729,180.01,228.44,549.63,792.59,0.2456,2.606,80.97,0.763,1,0.3088,0.8449
S005G012,5,genuine,80,120,288.7,68.0,24.96,173.59,27.74,55.6,0.8413,0.1017,165.69,244.31,254.2,545.9,0.303,3.019,82.88,0.7565,0.655,0.0643,0.8603
S005G013,5,genuine,80,120,289.9,84.12,24.96,78.64,27.74,58.4,0.4636,0.1088,169.7,278.78,484.15,1046.81,0.2327,2.36,80.86,0.6361,0.8899,0.2828,0.8482
S005G014,5,genuine,80,120,334.1,79.7,24.96,138.33,27.74,56.6,0.6173,0.1179,189.87,232.03,557.92,1073.33,0.2237,2.662,100.58,0.7716,0.7494,0.3237,0.9251
S005G015,5,genuine,80,120,274.4,69.66,24.96,114.01,27.74,56.7,0.5211,0.0993,174.1,256.35,546.77,1005.28,0.2947,2.434,95.79,0.827,0.655,0,0.8105
S005G016,5,genuine,80,120,290.6,80.55,24.96,136.77,27.74,60.6,0.5801,0.0981,188.2,215.0,549.49,1207.03,0.255,3.373,107.28,0.8491,0.92,0.2792,0.8464
S005G017,5,genuine,80,120,352.3,94.15,24.96,162.73,27.74,52.4,0.7351,0.0985,163.36,242.52,825.88,1054.23,0.2106,3.23,112.76,0.8285,1,0.1084,0.9549
S005G018,5,genuine,80,120,333.6,96.88,24.96,144.6,27.74,55.3,0.6825,0.0998,156.37,223.65,252.74,224.09,0.1946,3.194,118.78,0.8908,0.9826,0.2125,0.7319
S005G019,5,genuine,80,120,230.8,123.79,24.96,107.42,27.74,52.6,0.6648,0.0949,165.54,204.95,476.25,796.72,0.2028,2.875,115.59,0.8426,0.8954,0.2717,0.8624
S005G020,5,genuine,80,120,287.6,84.35,24.96,121.33,27.74,58.6,0.7452,0.1244,172.63,235.19,417.05,885.14,0.183,3.272,117.69,0.7227,0.9049,0.1938,0.7771
S005G021,5,genuine,80,120,239.6,88.19,24.96,177.2,27.74,61.4,0.766,0.0878,204.72,220.32,413.94,741.71,0.206,3.287,97.32,0.6738,0.7444,0,0.8209
S005G022,5,genuine,80,120,343.0,-8.46,24.96,142.33,27.74,59.3,0.6278,0.0969,178.16,227.1,577.43,385.65,0.2615,2.811,84.88,0.836,0.7134,0.0451,0.8157
S005G023,5,genuine,80,120,282.2,74.96,24.96,153.06,27.74,59.6,0.7207,0.1133,169.1,225.85,630.34,800.39,0.2903,2.575,100.59,0.8632,0.8791,0.1391,0.866
S005G024,5,genuine,80,120,339.7,39.93,24.96,155.57,27.74,56.8,0.7681,0.1014,196.82,197.18,666.42,302.61,0.2346,3.104,98.57,0.855,0.854,0.1872,0.883
S005G025,5,genuine,80,120,299.9,103.4,24.96,151.98,27.74,60.6,0.9032,0.0754,165.39,221.51,596.4,658.89,0.2771,2.871,116.28,0.8528,0.8037,0.1666,0.9595
S005G026,5,genuine,80,120,227.8,79.62,24.96,175.17,27.74,59.2,0.6388,0.1161,188.83,242.59,615.46,796.82,0.3084,2.847,127.15,0.842,1,0.0128,0.8698
S005G027,5,genuine,80,120,227.3,102.86,24.96,115.74,27.74,61.4,0.5824,0.0909,162.2,211.49,332.67,907.09,0.3019,3.497,83.91,0.9098,0.8601,0.1413,0.9362
S005G028,5,genuine,80,120,362.9,106.29,24.96,95.52,27.74,56.2,0.4786,0.0778,177.35,257.7,489.96,845.6,0.1837,2.599,127.87,0.8297,0.8852,0.1585,0.9363
S005G029,5,genuine,80,120,340.5,105.72,24.96,162.24,27.74,59.4,0.8907,0.0845,184.74,234.45,641.09,562.06,0.281,2.706,88.2,0.788,0.9646,0.2404,0.9293
S005G030,5,genuine,80,120,251.3,118.12,24.96,105.92,27.74,67.8,0.6348,0.0867,179.97,237.8,456.25,1118.77,0.27,2.323,107.47,0.9183,1,0.0279,0.9352
S005G031,5,genuine,80,120,215.6,103.01,24.96,177.76,27.74,61.5,0.6476,0.0961,189.84,215.33,702.89,1015.82,0.2935,3.129,74.69,0.7196,0.9032,0.0843,0.8124
S005G032,5,genuine,80,120,397.2,83.74,24.96,100.23,27.74,58.9,0.5243,0.109,161.59,209.45,659.98,836.28,0.2451,2.654,106.44,0.7766,0.8449,0.2118,0.9113
S005G033,5,genuine,80,120,270.1,81.19,24.96,165.51,27.74,58.0,0.7015,0.0978,173.58,265.47,595.74,895.66,0.2031,2.565,108.31,0.9667,0.8425,0.017,0.8755
S005G034,5,genuine,80,120,193.3,96.85,24.96,126.56,27.74,61.7,0.8427,0.0714,192.6,243.25,711.37,783.73,0.2417,2.528,90.12,0.8418,0.8404,0.2038,0.907
S005G035,5,genuine,80,120,390.6,49.57,24.96,193.82,27.74,54.3,0.8063,0.0903,162.63,217.39,570.62,734.85,0.2047,3.03,96.03,0.8663,0.9081,0.2091,0.878
S005G036,5,genuine,80,120,348.9,81.81,24.96,160.9,27.74,64.4,0.6069,0.1033,153.99,212.79,509.87,501.55,0.2259,2.146,90.8,0.6803,0.9969,0.0873,0.9143
S005G037,5,genuine,80,120,318.8,63.08,24.96,161.82,27.74,62.1,0.7237,0.1045,190.65,227.53,679.3,605.92,0.2367,2.857,99.59,0.8121,0.9419,0.1316,1
S005G038,5,genuine,80,120,350.3,59.78,24.96,144.31,27.74,52.3,0.6403,0.1099,198.87,227.36,747.7,349.71,0.2316,3.373,110.24,0.8544,0.956,0.1097,0.8778
S005G039,5,genuine,80,120,246.1,106.59,24.96,129.97,27.74,60.2,0.631,0.0985,179.29,241.45,378.07,508.27,0.2297,2.898,84.95,0.8379,0.9076,0.053,0.7981
S005G040,5,genuine,80,120,292.3,76.29,24.96,206.17,27.74,57.1,0.7749,0.0926,174.1,225.44,718.5,703.28,0.2729,2.434,86.85,0.8086,1,0.1122,0.7696
S005G041,5,genuine,80,120,289.6,79.44,24.96,106.69,27.74,55.7,0.6929,0.1071,170.92,230.07,416.83,918.71,0.2706,2.312,98.09,0.7116,0.7233,0.1306,0.9189
S005G042,5,genuine,80,120,205.4,72.12,24.96,85.33,27.74,55.6,0.8037,0.1258,168.8,211.49,714.72,470.16,0.21,1.967,95.21,0.786,0.6612,0.0927,0.8922
S005G043,5,genuine,80,120,293.9,101.86,24.96,135.48,27.74,65.1,0.6079,0.1032,163.43,233.01,593.46,1287.65,0.23,2.867,92.92,0.8044,0.9583,0.0992,0.7145
S005G044,5,genuine,80,120,345.4,67.83,24.96,130.18,27.74,57.3,0.7937,0.1029,177.54,242.03,649.42,947.83,0.2363,2.256,97.44,0.8358,0.8028,0.1868,0.8242
S005G045,5,genuine,80,120,355.9,104.22,24.96,113.29,27.74,63.5,0.7429,0.0871,175.59,238.69,521.77,910.71,0.2269,2.014,89.75,0.8056,0.812,0.0403,0.7362
S005G046,5,genuine,80,120,250.8,108.34,24.96,140.41,27.74,44.9,0.5438,0.0985,183.22,213.67,585.41,968.45,0.2479,2.047,93.11,0.8682,0.7979,0.0523,0.8561
S005G047,5,genuine,80,120,353.8,92.57,24.96,132.38,27.74,54.8,0.6995,0.1129,163.24,254.4,524.47,475.04,0.2156,2.282,82.55,0.7421,1,0.2472,0.8127
S005G048,5,genuine,80,120,324.2,68.08,24.96,103.97,27.74,53.1,0.7775,0.0933,227.63,224.56,444.27,700.1,0.2298,2.376,107.62,0.7483,0.9248,0.0472,0.9842
S005G049,5,genuine,80,120,306.1,121.48,24.96,149.12,27.74,56.6,0.8008,0.0865,192.0,208.73,522.56,1021.71,0.2096,3.079,97.15,0.8227,0.7423,0.2745,0.8833
S005I000,5,impostor,80,120,307.6,53.08,17.29,151.89,51.84,58.1,0.6613,0.0743,127.68,207.46,629.72,985.85,0.1957,1.029,109.0,0.5994,0.4314,0.7002,0.3943
S005I001,5,impostor,80,120,282.1,102.2,20.01,126.41,34.25,79.8,0.4026,0.0502,167.44,206.01,315.58,318.33,0.0078,2.571,89.73,0.3839,0.6077,0.8059,0.3607
S005I002,5,impostor,80,120,444.0,106.31,13.84,87.61,50.61,46.7,0.7509,0.1038,157.92,165.1,541.02,286.9,0.0262,1.251,64.72,0.5838,0.4534,0.6509,0.2624
S005I003,5,impostor,80,120,287.6,34.93,27.55,56.71,26.94,61.2,0.7244,0.1415,116.84,241.16,128.14,1038.37,0.088,3.63,152.28,0.6684,0.4473,0.6324,0.3772
S005I004,5,impostor,80,120,490.8,102.74,20.01,91.12,34.25,87.3,0.6555,0.0385,149.4,212.73,496.04,820.05,0.0754,2.009,96.11,0.5455,0.4629,0.632,0.3497
S005I005,5,impostor,80,120,491.3,58.93,16.56,171.09,27.62,73.2,0.4479,0.0174,216.27,126.52,550.76,1097.22,0.0977,2.421,125.57,0.4759,0.4919,0.9143,0.2741
S005I006,5,impostor,80,120,402.5,77.73,17.29,141.71,51.84,49.7,0.6003,0.0432,133.58,204.54,710.93,901.96,0.2155,2.065,142.47,0.4741,0.4635,0.6924,0.373
S005I007,5,impostor,80,120,467.0,50.89,31.07,200.62,38.06,31.2,0.6596,0.0235,97.42,240.95,721.8,459.01,0.1186,3.526,117.3,0.6473,0.3657,0.7394,0.4883
S005I008,5,impostor,80,120,270.9,101.3,27.55,45.51,26.94,65.3,0.7152,0.1604,117.32,260.06,292.41,1283.91,0.1703,3.473,123.26,0.5694,0.3962,0.7387,0.2647
S005I009,5,impostor,80,120,174.7,66.06,16.56,110.2,27.62,81.8,0.5805,0.0266,175.41,131.76,590.44,401.39,0.1707,3.884,134.17,0.5745,0.2697,0.8291,0.4445
S005I010,5,impostor,80,120,409.1,76.53,16.56,81.35,27.62,73.5,0.6193,0.0355,188.92,119.64,728.88,808.22,0.1762,3.148,111.8,0.4832,0.4331,0.6489,0.4528
S005I011,5,impostor,80,120,312.7,97.37,20.01,36.46,34.25,85.1,0.5315,0.0387,130.92,130.58,303.85,690.06,0.0055,2.871,103.63,0.7219,0.5069,0.6657,0.3373
S005I012,5,impostor,80,120,283.0,116.2,13.84,58.85,50.61,45.1,0.5981,0.105,142.25,232.48,470.29,373.62,0.1054,1.275,68.56,0.6255,0.5511,0.6856,0.459
S005I013,5,impostor,80,120,355.4,85.07,13.84,34.77,50.61,59.0,0.9671,0.1145,146.76,133.79,538.92,418.82,0.0632,1.29,74.3,0.5334,0.4054,0.5768,0.3227
S005I014,5,impostor,80,120,502.8,62.94,31.07,172.39,38.06,24.8,0.6921,0.0318,141.08,247.31,318.25,757.67,0.1145,2.647,111.38,0.5461,0.4112,0.6849,0.2135
S005I015,5,impostor,80,120,433.2,47.76,16.56,128.55,27.62,68.9,0.4029,0.0261,205.29,122.79,722.55,1069.76,0.1866,2.763,135.44,0.5512,0.4769,0.6843,0.3901
S005I016,5,impostor,80,120,434.2,105.54,16.48,110.73,26.75,60.4,0.4004,0.0868,162.44,293.6,299.78,975.05,0.0931,3.339,115.05,0.5461,0.4579,0.783,0.4447
S005I017,5,impostor,80,120,432.6,106.15,16.48,97.22,26.75,48.4,0.438,0.0859,153.48,254.75,647.02,678.17,0.1112,3.788,105.07,0.6354,0.5461,0.5517,0.4143
S005I018,5,impostor,80,120,388.5,104.2,27.55,69.37,26.94,59.9,0.5144,0.1396,150.72,249.42,344.12,1301.38,0.1412,3.367,88.43,0.5859,0.6367,0.6559,0.2926
S005I019,5,impostor,80,120,308.9,156.42,29.82,150.86,46.53,51.5,0.6977,0.0329,210.4,271.37,579.8,229.62,0.1532,3.831,84.7,0.6444,0.5935,0.7874,0.3876
S006G000,6,genuine,80,120,219.3,77.77,15.39,101.21,26.34,86.6,0.4729,0.0438,166.36,197.28,419.1,621.01,0.0922,2.064,115.54,0.8856,0.7488,0.0921,0.8982
S006G001,6,genuine,80,120,236.0,89.98,15.39,121.29,26.34,80.5,0.6564,0.025,188.14,217.27,321.06,279.75,0.0781,1.96,127.44,0.7031,0.8097,0.0819,0.8682
S006G002,6,genuine,80,120,299.0,71.9,15.39,138.03,26.34,79.2,0.566,0.0205,170.67,183.12,555.27,812.03,0.1364,2.373,116.36,0.8227,0.9229,0.1824,0.909
S006G003,6,genuine,80,120,293.0,90.36,15.39,119.4,26.34,84.7,0.6643,0.0366,156.7,202.9,344.47,849.22,0.0053,2.139,112.03,0.7534,0.7102,0.0794,0.8352
S006G004,6,genuine,80,120,240.6,90.64,15.39,138.79,26.34,81.5,0.6715,0.038,178.33,185.65,399.95,770.37,0.054,2.081,105.95,0.9177,0.9292,0.1096,0.8667
S006G005,6,genuine,80,120,320.0,90.21,15.39,38.07,26.34,87.9,0.6855,0.0362,172.04,218.76,375.57,701.65,0.1044,2.622,105.27,1,0.8765,0.0698,0.959
S006G006,6,genuine,80,120,250.7,98.61,15.39,135.65,26.34,86.0,0.5809,0.0397,170.79,177.98,426.14,247.55,0.0194,2.084,102.42,0.9115,0.7938,0.055,0.9006
S006G007,6,genuine,80,120,331.5,68.52,15.39,135.93,26.34,88.0,0.6626,0.0267,175.69,163.14,347.81,254.89,0.1084,1.945,115.16,0.7594,0.7782,0.332,0.8864
S006G008,6,genuine,80,120,386.0,87.34,15.39,92.46,26.34,82.7,0.5132,0.0301,147.88,204.23,329.35,899.43,0.0608,2.719,112.02,0.7935,0.6941,0,0.9321
S006G009,6,genuine,80,120,320.5,83.44,15.39,127.02,26.34,87.4,0.6726,0.056,195.83,180.7,353.04,244.87,0.0377,2.03,88.34,0.8787,0.7277,0.0912,0.8615
S006G010,6,genuine,80,120,323.7,109.17,15.39,112.98,26.34,100.2,0.6806,0.0349,170.99,202.19,382.99,422.81,0.0729,2.227,120.74,0.9197,0.8895,0.2093,0.8805
S006G011,6,genuine,80,120,263.1,109.29,15.39,130.82,26.34,84.5,0.5669,0.0498,165.79,198.05,336.34,578.19,0.0478,2.096,129.85,0.8286,0.9955,0.1235,0.8006
S006G012,6,genuine,80,120,322.5,66.3,15.39,94.07,26.34,82.3,0.5924,0.0219,188.39,214.8,334.94,539.63,0.0503,2.435,104.71,0.8196,0.7422,0.276,0.9143
S006G013,6,genuine,80,120,358.0,82.96,15.39,116.17,26.34,87.0,0.6385,0.0487,178.28,197.39,300.51,793.74,0.0562,2.377,119.52,0.9292,0.8874,0.0303,0.9246
S006G014,6,genuine,80,120,328.1,117.95,15.39,119.27,26.34,91.5,0.5973,0.0501,175.98,229.11,406.41,640.87,0.0355,1.725,93.14,0.8414,0.7748,0.0196,0.809
S006G015,6,genuine,80,120,474.0,86.48,15.39,95.25,26.34,79.2,0.6655,0.0397,164.17,198.36,456.17,733.08,0.0829,1.869,132.2,0.7798,0.7673,0.3297,0.8953
S006G016,6,genuine,80,120,213.8,85.62,15.39,99.16,26.34,82.6,0.5725,0.0305,178.0,214.08,485.49,784.48,0.0194,2.216,105.45,0.7032,0.6846,0.198,0.8936
S006G017,6,genuine,80,120,362.4,68.69,15.39,122.42,26.34,82.2,0.7422,0.0417,143.98,201.5,395.56,476.2,0.0864,2.9,94.78,0.7968,0.7753,0.2938,0.8524
S006G018,6,genuine,80,120,321.4,91.64,15.39,104.13,26.34,79.4,0.6643,0.0472,157.92,193.4,487.65,223.67,0.0875,1.919,122.13,0.8333,0.6915,0,0.8921
S006G019,6,genuine,80,120,348.3,60.05,15.39,118.83,26.34,94.7,0.5758,0.0351,161.83,178.36,348.39,855.97,0.0082,1.659,107.3,0.9115,0.8712,0.0759,0.9141
S006G020,6,genuine,80,120,330.8,72.84,15.39,99.27,26.34,68.0,0.6191,0.0252,155.08,205.62,416.21,-56.7,0.035,2.485,101.63,0.8685,1,0.0899,0.8155
S006G021,6,genuine,80,120,244.0,120.32,15.39,102.31,26.34,78.6,0.8001,0.0402,161.94,183.77,380.63,670.09,0.038,2.258,114.71,0.8219,0.8128,0.2347,0.9967
S006G022,6,genuine,80,120,271.2,82.76,15.39,131.88,26.34,90.4,0.5318,0.0271,176.42,184.64,377.38,1102.76,0.0703,2.305,107.29,0.8597,0.6524,0.0973,0.95
S006G023,6,genuine,80,120,315.4,80.29,15.39,126.03,26.34,85.6,0.6535,0.0493,134.94,180.4,258.42,635.74,0.1041,1.922,119.54,0.7733,0.9783,0.063,0.9014
S006G024,6,genuine,80,120,478.0,63.9,15.39,120.12,26.34,80.7,0.6016,0.0468,169.52,219.17,411.63,419.46,0.0744,1.715,109.63,0.7493,0.8577,0.3471,0.914
S006G025,6,genuine,80,120,343.7,86.68,15.39,113.44,26.34,83.3,0.4254,0.0423,170.46,161.0,416.84,550.76,0.0583,1.768,116.66,0.9002,0.8517,0.0818,0.9565
S006G026,6,genuine,80,120,208.0,99.12,15.39,112.29,26.34,89.3,0.6608,0.0303,191.46,200.77,426.22,395.32,0.0265,2.474,107.48,0.892,0.8995,0,0.8265
S006G027,6,genuine,80,120,230.6,89.94,15.39,139.71,26.34,86.6,0.644,0.0273,124.49,161.19,506.2,416.89,0.0574,2.118,122.11,0.8692,0.932,0.0871,0.7831
S006G028,6,genuine,80,120,448.0,101.3,15.39,128.83,26.34,77.9,0.6619,0.0309,153.15,197.58,307.81,1006.61,0.059,2.672,101.6,0.7408,0.9903,0.0951,0.8965
S006G029,6,genuine,80,120,192.4,102.36,15.39,105.09,26.34,89.6,0.4198,0.0386,156.3,226.87,280.62,770.51,0.0941,2.786,114.82,0.7914,0.8942,0.1143,0.8718
S006G030,6,genuine,80,120,295.7,93.75,15.39,143.24,26.34,85.8,0.6218,0.0434,156.22,202.21,429.56,324.48,0.0655,2.254,103.24,0.8866,0.918,0.2824,0.8575
S006G031,6,genuine,80,120,325.6,90.89,15.39,51.28,26.34,87.0,0.6622,0.0243,166.19,210.61,381.23,-32.79,0.0985,2.138,102.53,0.7722,0.9814,0.1893,0.8478
S006G032,6,genuine,80,120,255.7,73.71,15.39,120.31,26.34,80.1,0.3268,0.0225,143.78,183.79,344.75,372.24,0.0893,2.07,120.26,0.7641,1,0.0179,0.9292
S006G033,6,genuine,80,120,432.8,71.2,15.39,115.88,26.34,86.9,0.5823,0.0392,181.34,181.44,352.02,671.05,0.0966,2.529,106.44,0.9222,0.9129,0.1619,0.8803
S006G034,6,genuine,80,120,276.4,87.37,15.39,107.07,26.34,87.4,0.5315,0.016,174.11,166.68,236.53,776.35,0.0262,2.343,105.81,0.7865,0.7075,0.1097,0.8472
S006G035,6,genuine,80,120,252.6,80.14,15.39,78.82,26.34,87.9,0.4877,0.04,170.24,211.66,331.27,653.15,0.0812,1.317,107.22,0.8179,0.8449,0.2736,0.8477
S006G036,6,genuine,80,120,339.8,98.41,15.39,131.45,26.34,94.0,0.6463,0.0507,172.69,166.21,297.93,655.39,0.0977,2.157,104.45,0.869,0.8899,0.2292,0.9097
S006G037,6,genuine,80,120,212.1,104.37,15.39,125.73,26.34,84.0,0.4371,0.0468,172.93,201.25,453.66,98.78,0.0594,1.533,97.36,0.8371,0.8312,0.1636,0.8726
S006G038,6,genuine,80,120,194.5,109.88,15.39,91.61,26.34,84.9,0.7294,0.048,139.88,187.09,185.98,549.25,0.0356,2.307,102.3,0.7653,0.8222,0.1275,0.835
S006G039,6,genuine,80,120,404.3,108.6,15.39,87.15,26.34,78.7,0.5578,0.0441,176.31,236.82,402.82,569.35,0.0468,2.832,116.75,0.7891,0.9685,0.0528,0.9299
S006G040,6,genuine,80,120,189.2,90.09,15.39,82.12,26.34,86.7,0.527,0.0389,156.9,174.21,366.97,624.64,0.0784,2.171,120.77,0.9116,0.89,0,0.8911
S006G041,6,genuine,80,120,214.5,86.31,15.39,122.76,26.34,81.7,0.5075,0.0375,169.2,211.63,338.66,314.79,0.0933,1.823,104.5,0.8681,0.7828,0.2679,0.9484
S006G042,6,genuine,80,120,289.9,86.45,15.39,77.09,26.34,85.4,0.8048,0.0476,176.12,196.45,417.56,792.07,0.0658,2.371,104.44,0.8429,1,0.1671,0.9194
S006G043,6,genuine,80,120,245.7,64.34,15.39,113.33,26.34,84.0,0.6491,0.0304,151.93,211.8,289.51,748.96,0.0483,1.403,108.44,0.9005,0.8409,0.1126,0.9018
S006G044,6,genuine,80,120,346.7,91.75,15.39,146.74,26.34,76.9,0.6034,0.0511,157.3,199.45,334.23,291.16,0.0541,2.538,114.09,0.6943,0.9989,0.1453,0.8616
S006G045,6,genuine,80,120,323.1,70.39,15.39,141.48,26.34,82.3,0.6086,0.0367,167.57,191.38,415.1,661.22,0.0465,2.217,108.07,0.9002,0.8972,0.0718,0.8986
S006G046,6,genuine,80,120,369.7,87.46,15.39,112.97,26.34,80.9,0.5807,0.0411,166.11,207.29,515.96,424.74,0.0638,2.666,113.15,0.8148,0.837,0.1758,0.9617
S006G047,6,genuine,80,120,313.2,113.91,15.39,89.06,26.34,82.4,0.7258,0.0459,179.04,174.05,264.6,629.23,0.0795,2.694,115.43,0.7557,0.9078,0.1962,0.9011
S006G048,6,genuine,80,120,308.4,95.92,15.39,105.66,26.34,90.8,0.5837,0.0304,154.02,174.46,337.3,580.63,0.0461,1.358,102.71,0.8429,0.9087,0.0256,0.8496
S006G049,6,genuine,80,120,407.7,73.18,15.39,79.5,26.34,83.4,0.7245,0.0475,170.3,202.31,385.74,647.33,0.0622,2.284,108.87,0.7625,0.8417,0.1914,0.8824
S006I000,6,impostor,80,120,360.8,114.56,16.48,102.98,26.75,42.7,0.266,0.0833,194.79,306.75,421.3,566.57,0.1405,3.945,143.51,0.4624,0.4711,0.7681,0.2338
S006I001,6,impostor,80,120,552.0,73.65,32.45,143.44,36.06,53.4,0.6935,0.1315,182.75,218.11,905.55,572.51,0.1925,2.001,91.09,0.4438,0.3885,0.6906,0.4448
S006I002,6,impostor,80,120,340.0,154.4,32.45,108.57,36.06,71.3,0.7605,0.1338,180.53,250.32,408.08,688.16,0.2541,3.363,91.23,0.4232,0.4587,0.755,0.4541
S006I003,6,impostor,80,120,372.5,86.78,31.07,31.55,38.06,20.5,0.6859,0.0351,89.93,255.65,504.53,250.81,0.0833,3.812,123.11,0.6518,0.3025,0.8146,0.2476
S006I004,6,impostor,80,120,257.0,118.41,17.29,72.49,51.84,25.0,0.6611,0.0587,153.39,176.75,605.77,744.73,0.2296,1.021,120.03,0.5747,0.4411,0.7007,0.3687
S006I005,6,impostor,80,120,539.3,107.23,16.56,111.77,27.62,76.8,0.6966,0.0192,188.03,151.35,640.88,377.82,0.164,3.334,154.11,0.7346,0.3529,0.848,0.3815
S006I006,6,impostor,80,120,265.8,100.37,32.45,175.15,36.06,51.1,0.6723,0.1108,143.03,261.29,825.01,1577.43,0.2886,2.405,100.93,0.4974,0.4743,0.6729,0.3066
S006I007,6,impostor,80,120,440.4,97.71,17.29,74.94,51.84,37.1,0.4679,0.0652,149.0,195.74,613.63,682.41,0.2629,1.941,151.19,0.5758,0.2528,0.8311,0.2151
S006I008,6,impostor,80,120,414.1,77.94,16.56,150.87,27.62,70.3,0.4613,0.0502,160.4,138.91,510.75,371.51,0.1613,2.831,136.48,0.4742,0.4788,0.8657,0.4018
S006I009,6,impostor,80,120,378.1,65.76,27.55,68.9,26.94,68.5,0.5968,0.1626,115.12,247.64,551.27,752.29,0.1574,3.668,118.97,0.5952,0.4219,0.6419,0.3462
S006I010,6,impostor,80,120,419.7,98.92,13.84,95.34,50.61,52.1,0.8112,0.1083,162.54,179.44,697.56,816.04,0.0996,2.333,83.19,0.5418,0.5047,0.6031,0.2606
S006I011,6,impostor,80,120,439.0,168.65,29.82,79.84,46.53,46.8,0.8414,0.0438,202.02,234.98,407.18,938.0,0.1234,4.701,107.62,0.4682,0.457,0.6801,0.3208
S006I012,6,impostor,80,120,417.6,87.41,13.84,72.56,50.61,55.6,0.7224,0.1041,119.99,147.46,673.98,550.62,0.0497,1.084,57.4,0.5154,0.2925,0.7053,0.3059
S006I013,6,impostor,80,120,477.4,88.59,32.45,122.45,36.06,61.3,0.7714,0.1293,194.27,231.28,516.82,865.28,0.1926,2.702,95.51,0.5126,0.4119,0.6489,0.5521
S006I014,6,impostor,80,120,280.3,104.14,12.16,125.07,27.07,67.6,0.8179,0.0663,127.39,332.35,473.86,1241.95,0.1428,2.433,160.02,0.4913,0.4373,0.8236,0.3276
S006I015,6,impostor,80,120,273.3,66.71,16.56,164.69,27.62,71.9,0.4495,0.0397,190.73,182.66,645.82,697.33,0.1492,4.093,128.49,0.5475,0.2913,0.742,0.4262
S006I016,6,impostor,80,120,360.9,112.09,16.48,129.9,26.75,45.1,0.5024,0.0659,140.98,275.57,452.1,906.0,0.1797,3.757,100.33,0.4861,0.5483,0.8989,0.3684
S006I017,6,impostor,80,120,402.3,19.49,27.55,84.56,26.94,65.5,0.6541,0.1343,111.31,345.94,281.36,1407.99,0.1556,3.593,88.25,0.5923,0.518,0.7329,0.3756
S006I018,6,impostor,80,120,361.0,79.01,27.55,89.97,26.94,71.1,0.6057,0.1619,172.43,231.38,227.82,1478.11,0.1763,4.353,94.52,0.4701,0.3258,0.8768,0.3186
S006I019,6,impostor,80,120,386.3,128.61,29.82,133.0,46.53,58.9,0.5337,0.0304,209.44,241.76,316.43,1151.86,0.2334,4.474,97.15,0.5705,0.3576,0.7478,0.4727
S007G000,7,genuine,80,120,303.7,96.75,22.94,85.92,35.79,64.4,0.4707,0.0258,194.54,252.85,439.03,927.02,0.1545,3.71,78.09,0.8503,0.9578,0,1
S007G001,7,genuine,80,120,323.7,162.97,22.94,122.71,35.79,50.1,0.8702,0.0408,181.81,276.31,362.68,626.48,0.1178,4.352,104.35,0.8128,0.6706,0.2419,0.9142
S007G002,7,genuine,80,120,256.8,147.04,22.94,187.47,35.79,45.8,0.8182,0.0061,174.76,274.84,452.98,734.23,0.1044,3.849,114.3,0.7944,0.9041,0.1032,0.815
S007G003,7,genuine,80,120,359.9,121.25,22.94,182.25,35.79,56.5,0.5056,0.028,216.01,242.39,392.15,716.29,0.1475,4.989,86.31,0.8147,0.995,0.0684,1
S007G004,7,genuine,80,120,187.3,160.16,22.94,124.23,35.79,73.9,0.6493,0.0302,206.59,243.74,460.88,560.02,0.1288,4.38,105.05,0.8961,0.9926,0.1198,0.7739
S007G005,7,genuine,80,120,221.1,173.57,22.94,188.94,35.79,47.8,0.5039,0.0239,201.45,237.19,530.43,911.93,0.1344,4.138,80.26,0.7567,0.9768,0.1394,0.8376
S007G006,7,genuine,80,120,358.0,131.75,22.94,95.43,35.79,56.2,0.6832,0.009,193.59,246.97,522.35,612.88,0.158,3.916,65.75,0.9006,0.8866,0.1982,0.847
S007G007,7,genuine,80,120,283.7,168.04,22.94,140.56,35.79,60.1,0.6774,0.0239,207.36,232.11,477.17,1002.84,0.0635,4.32,101.09,0.8473,0.9111,0.2229,0.9053
S007G008,7,genuine,80,120,283.4,155.72,22.94,70.03,35.79,45.7,0.6696,0.0305,200.92,235.01,666.13,573.12,0.1312,4.321,82.94,0.6445,0.8335,0.0994,0.9008
S007G009,7,genuine,80,120,333.6,146.27,22.94,162.96,35.79,57.0,0.5115,0.0283,192.79,256.03,303.99,653.86,0.1768,4.697,87.78,0.878,0.9769,0.0641,0.8558
S007G010,7,genuine,80,120,238.2,147.75,22.94,71.65,35.79,59.2,0.4016,0.0318,207.64,263.49,425.23,686.55,0.1311,4.442,99.1,0.8856,1,0.2004,0.7674
S007G011,7,genuine,80,120,267.2,120.66,22.94,54.87,35.79,38.6,0.658,0.0249,182.52,275.34,372.38,1048.42,0.0966,3.972,69.9,0.8601,0.6804,0.2942,0.8798
S007G012,7,genuine,80,120,255.0,115.33,22.94,82.66,35.79,62.8,0.8639,0.0496,193.06,244.41,616.15,866.52,0.127,4.631,91.16,1,0.7961,0.2191,0.9213
S007G013,7,genuine,80,120,252.8,162.83,22.94,49.3,35.79,45.4,0.5396,0.0276,200.12,240.57,529.57,788.29,0.1563,3.961,87.81,0.8006,0.9198,0.2622,0.869
S007G014,7,genuine,80,120,243.5,142.3,22.94,134.12,35.79,59.9,0.6037,0.0217,178.61,236.32,484.51,843.01,0.1269,4.082,83.61,0.7199,1,0.2653,0.9845
S007G015,7,genuine,80,120,287.3,113.18,22.94,94.28,35.79,49.7,0.775,0.0393,212.87,217.32,496.17,665.18,0.1074,4.608,120.33,0.7527,0.7891,0.0418,0.921
S007G016,7,genuine,80,120,295.4,149.97,22.94,96.19,35.79,43.5,0.6904,0.0219,213.82,276.71,455.03,492.84,0.1632,4.677,82.92,0.782,0.8949,0.0825,0.97
S007G017,7,genuine,80,120,355.4,148.71,22.94,131.49,35.79,52.5,0.5288,0.0329,217.07,257.7,379.22,589.72,0.1671,4.448,93.74,0.8574,0.817,0.0715,0.8458
S007G018,7,genuine,80,120,236.4,137.36,22.94,185.33,35.79,60.0,0.6247,0.0373,208.51,221.61,489.78,762.87,0.1461,3.918,117.25,0.8126,0.8131,0.1055,0.7694
S007G019,7,genuine,80,120,271.8,130.02,22.94,45.83,35.79,63.6,0.8272,0.0228,216.41,237.98,569.85,171.24,0.0927,3.819,89.84,0.8629,0.9931,0.1839,0.8517
S007G020,7,genuine,80,120,390.9,148.5,22.94,117.89,35.79,35.5,0.6204,0.0424,200.66,230.66,415.86,659.19,0.1349,4.576,113.85,0.9047,0.866,0.2004,0.9925
S007G021,7,genuine,80,120,306.0,114.18,22.94,129.19,35.79,56.3,0.5901,0.055,197.38,238.96,457.79,679.86,0.0969,4.019,76.71,0.8493,0.7867,0.0155,0.8014
S007G022,7,genuine,80,120,318.9,162.02,22.94,178.57,35.79,61.6,0.6866,0.0478,188.65,257.1,524.67,206.23,0.1689,3.874,95.32,0.891,0.822,0.0588,0.8563
S007G023,7,genuine,80,120,301.4,146.67,22.94,74.26,35.79,56.5,0.7711,0.0259,185.64,268.57,701.85,655.17,0.1158,3.97,95.15,0.6085,0.9977,0.1529,0.9592
S007G024,7,genuine,80,120,281.7,108.8,22.94,191.7,35.79,65.6,0.5695,0.0478,204.68,242.26,504.84,741.94,0.1076,4.929,95.36,0.9164,0.7786,0.1688,0.968
S007G025,7,genuine,80,120,275.0,171.83,22.94,68.55,35.79,70.1,1,0.0282,174.38,271.42,416.8,424.57,0.167,3.729,94.94,0.8127,0.8658,0.1708,0.8827
S007G026,7,genuine,80,120,380.6,155.77,22.94,107.74,35.79,52.6,0.6957,0.0362,220.21,246.05,409.41,698.3,0.152,4.807,112.89,0.9437,0.8982,0.141,0.9522
S007G027,7,genuine,80,120,456.9,121.62,22.94,99.7,35.79,58.9,0.5355,0.0119,189.37,243.62,486.87,712.47,0.0783,4.096,83.56,0.9202,1,0.2084,0.7826
S007G028,7,genuine,80,120,334.5,143.23,22.94,99.74,35.79,57.6,0.8727,0.0066,190.35,271.99,339.51,700.55,0.1354,3.671,87.74,0.8184,0.7551,0.1394,0.8414
S007G029,7,genuine,80,120,241.6,156.53,22.94,67.71,35.79,56.5,0.7141,0.0245,187.45,238.03,454.02,565.22,0.1444,3.546,85.28,0.8628,0.9182,0.1321,0.9398
S007G030,7,genuine,80,120,295.7,150.11,22.94,91.24,35.79,53.9,0.6116,0.0193,204.39,256.3,477.51,700.08,0.1118,4.0,94.33,0.7385,0.9303,0.0544,0.8703
S007G031,7,genuine,80,120,235.8,114.22,22.94,100.29,35.79,51.0,0.7284,0.031,166.12,230.68,439.3,906.24,0.1532,3.688,108.22,0.8918,0.7804,0.2433,0.8847
S007G032,7,genuine,80,120,377.7,143.5,22.94,167.42,35.79,49.5,0.5457,0.0296,198.79,228.49,507.75,689.6,0.1383,3.134,86.96,0.7956,0.852,0.1321,0.8828
S007G033,7,genuine,80,120,358.6,139.28,22.94,83.33,35.79,50.8,0.9799,0.0424,199.96,244.86,472.29,871.16,0.1079,4.519,104.54,0.6548,1,0.2333,0.8808
S007G034,7,genuine,80,120,229.5,93.83,22.94,148.08,35.79,43.8,0.4961,0.0323,179.53,248.49,298.31,588.28,0.1279,4.434,105.12,0.6873,1,0.3205,0.9708
S007G035,7,genuine,80,120,350.0,157.1,22.94,136.11,35.79,52.4,0.4713,0.0466,208.72,272.86,450.79,796.21,0.1181,4.607,99.59,0.7965,0.8258,0.174,0.8264
S007G036,7,genuine,80,120,238.0,183.9,22.94,74.84,35.79,72.4,0.4318,0.027,173.2,250.57,317.28,667.82,0.1396,4.687,92.84,0.7004,0.9292,0.172,0.9057
S007G037,7,genuine,80,120,303.2,131.49,22.94,105.05,35.79,56.4,0.7496,0.0364,184.73,304.39,561.45,593.3,0.123,3.446,84.88,0.6507,0.8601,0.0975,0.9812
S007G038,7,genuine,80,120,356.9,122.2,22.94,98.95,35.79,58.9,0.9065,0.0382,181.56,267.91,546.87,693.87,0.1502,4.258,81.28,0.854,0.7717,0.1482,0.9804
S007G039,7,genuine,80,120,183.8,88.39,22.94,100.4,35.79,63.8,0.5281,0.0333,191.05,267.26,725.18,1086.93,0.1238,4.495,100.21,0.7517,0.8758,0,0.9418
S007G040,7,genuine,80,120,209.4,126.06,22.94,120.18,35.79,52.9,0.72,0.0206,202.18,270.44,516.73,654.08,0.1612,3.687,72.61,0.9729,0.9563,0.2102,1
S007G041,7,genuine,80,120,270.1,137.98,22.94,171.34,35.79,43.4,0.8111,0.0147,176.56,250.75,268.96,302.2,0.1483,4.406,114.88,0.8388,0.9929,0.0116,0.8197
S007G042,7,genuine,80,120,260.3,115.71,22.94,110.16,35.79,57.4,0.6652,0.0251,198.89,230.6,450.78,605.27,0.1551,3.942,78.82,0.7512,1,0.1234,0.7892
S007G043,7,genuine,80,120,445.8,138.4,22.94,113.19,35.79,54.5,0.7305,0.0261,198.82,247.49,403.42,391.91,0.065,3.923,101.85,0.854,0.8096,0.0813,0.9347
S007G044,7,genuine,80,120,385.8,116.92,22.94,214.77,35.79,49.2,0.6431,0.0426,186.89,225.74,352.09,995.98,0.1389,4.053,100.97,0.8986,0.9443,0.1377,0.8404
S007G045,7,genuine,80,120,333.0,138.43,22.94,139.45,35.79,41.9,0.5338,0.0271,228.07,251.62,524.44,461.83,0.1382,4.009,75.05,0.9009,1,0.1494,0.8243
S007G046,7,genuine,80,120,375.5,153.24,22.94,106.18,35.79,50.1,0.6035,0.0132,179.8,201.92,571.82,774.18,0.1114,4.167,89.36,0.8878,0.6571,0.091,0.825
S007G047,7,genuine,80,120,159.1,121.84,22.94,122.66,35.79,45.2,0.6204,0.0386,169.65,226.62,438.61,448.44,0.1771,3.685,96.99,0.9686,1,0.2124,0.9489
S007G048,7,genuine,80,120,350.6,144.57,22.94,58.68,35.79,55.9,0.3117,0.0331,195.26,269.14,380.75,929.94,0.1813,3.826,77.25,0.8202,0.7486,0.1133,0.899
S007G049,7,genuine,80,120,327.0,140.61,22.94,144.07,35.79,57.8,0.6949,0.0257,196.31,275.82,503.76,307.5,0.1475,3.831,109.95,0.7027,0.86,0.2204,0.9831
S007I000,7,impostor,80,120,183.4,53.05,16.56,138.01,27.62,75.8,0.696,0.0232,197.83,146.22,571.26,449.51,0.0385,3.418,134.02,0.3889,0.4124,0.6643,0.3282
S007I001,7,impostor,80,120,357.7,86.33,16.48,127.42,26.75,51.5,0.5683,0.0699,172.95,338.96,612.57,1201.13,0.0974,3.345,104.97,0.5042,0.5406,0.7195,0.5189
S007I002,7,impostor,80,120,346.5,91.45,12.16,136.33,27.07,73.8,0.8078,0.0794,141.74,320.18,394.34,769.91,0.2157,2.554,159.35,0.5548,0.3632,0.6708,0.1482
S007I003,7,impostor,80,120,416.8,97.33,12.16,94.18,27.07,63.2,0.5471,0.0806,152.15,318.91,273.77,836.13,0.1751,2.397,159.76,0.5704,0.3989,0.9381,0.1624
S007I004,7,impostor,80,120,390.4,77.15,20.01,61.67,34.25,75.2,0.666,0.0508,152.78,140.32,269.9,224.51,0.0542,2.555,122.67,0.6623,0.4978,0.87,0.4666
S007I005,7,impostor,80,120,420.8,88.42,17.29,59.93,51.84,56.6,0.5691,0.054,138.13,190.81,166.52,934.16,0.2562,1.532,127.08,0.3723,0.4178,0.7449,0.2897
S007I006,7,impostor,80,120,356.7,94.45,12.16,201.2,27.07,55.6,0.7675,0.0778,148.72,287.75,464.46,-92.31,0.1144,3.25,130.46,0.5522,0.4165,0.8014,0.3896
S007I007,7,impostor,80,120,313.2,77.79,16.56,150.98,27.62,79.4,0.6757,0.0422,166.08,133.19,614.73,543.02,0.1079,3.458,154.42,0.7511,0.3699,0.6424,0.3877
S007I008,7,impostor,80,120,311.0,107.96,32.45,180.14,36.06,52.8,0.7829,0.1243,174.35,202.89,240.62,557.73,0.2789,2.978,115.63,0.5705,0.4992,0.8369,0.452
S007I009,7,impostor,80,120,383.9,84.36,17.29,147.16,51.84,40.8,0.6403,0.0392,122.13,217.48,440.0,1140.21,0.2811,2.327,119.83,0.578,0.4805,0.7616,0.4219
S007I010,7,impostor,80,120,420.6,100.46,13.84,173.46,50.61,43.1,0.63,0.1286,115.97,158.32,523.26,596.75,0.0501,1.18,60.04,0.4471,0.6545,0.8792,0.3133
S007I011,7,impostor,80,120,358.2,119.01,31.07,136.68,38.06,32.4,0.7032,0.0257,107.23,272.35,225.01,610.53,0.1396,2.834,98.76,0.5501,0.3503,0.5617,0.4072
S007I012,7,impostor,80,120,449.6,52.0,16.56,129.33,27.62,77.1,0.5638,0.0153,200.05,121.67,706.74,505.08,0.1694,3.641,111.86,0.5757,0.407,0.7549,0.3483
S007I013,7,impostor,80,120,338.0,79.69,16.48,100.3,26.75,46.7,0.5499,0.0966,154.76,254.11,641.57,1251.24,0.1866,3.798,107.67,0.5583,0.402,0.6778,0.3522
S007I014,7,impostor,80,120,451.4,92.79,31.07,86.75,38.06,16.9,0.7323,0.0391,117.33,232.51,490.18,421.52,0.1493,3.492,110.06,0.5732,0.6048,0.5401,0.2859
S007I015,7,impostor,80,120,226.9,64.33,32.45,85.49,36.06,68.8,0.9075,0.1306,136.52,239.41,276.45,1023.01,0.2596,3.533,62.88,0.4486,0.3476,0.7953,0.2914
S007I016,7,impostor,80,120,224.8,88.21,17.29,142.79,51.84,38.3,0.5912,0.0667,122.14,202.39,203.72,1084.31,0.1926,1.838,138.96,0.4863,0.5164,0.8739,0.2316
S007I017,7,impostor,80,120,351.2,97.23,16.56,161.79,27.62,67.7,0.6708,0.0327,153.06,115.97,665.45,1038.17,0.1441,3.442,139.6,0.5957,0.2736,0.8301,0.3581
S007I018,7,impostor,80,120,298.6,60.01,32.45,99.2,36.06,58.3,0.539,0.1323,165.6,283.82,486.97,934.43,0.2424,2.836,101.72,0.5516,0.6985,0.8059,0.3491
S007I019,7,impostor,80,120,472.8,31.54,32.45,172.33,36.06,54.7,0.7634,0.1448,161.15,242.16,837.8,494.66,0.2056,1.99,84.9,0.7115,0.4001,0.6382,0.3389
S008G000,8,genuine,80,120,149.1,98.04,13.3,87.06,39.88,44.2,0.5143,0.0319,114.86,232.55,411.04,977.13,0.2127,0.893,132.01,0.779,0.7279,0.0161,0.8083
S008G001,8,genuine,80,120,432.5,95.09,13.3,140.58,39.88,44.9,0.5047,0.0468,95.19,200.08,258.72,1004.92,0.2077,1.68,107.8,0.8477,0.9842,0.0695,0.8632
S008G002,8,genuine,80,120,343.7,87.75,13.3,175.86,39.88,48.9,0.5968,0.0312,130.98,175.13,479.21,1082.98,0.2099,1.321,145.87,0.7679,1,0.2312,0.9196
S008G003,8,genuine,80,120,269.8,93.31,13.3,88.19,39.88,46.0,0.5464,0.0278,112.58,210.59,390.07,799.64,0.1426,1.416,110.41,0.7601,0.9581,0.0349,1
S008G004,8,genuine,80,120,328.2,109.49,13.3,49.44,39.88,49.4,0.5377,0.0367,151.72,205.25,568.38,972.57,0.2435,1.914,117.87,0.8283,0.8776,0.0402,0.8684
S008G005,8,genuine,80,120,222.2,111.26,13.3,96.44,39.88,44.5,0.7488,0.039,110.31,221.58,451.06,947.3,0.2396,1.88,130.42,0.8453,0.738,0,0.9606
S008G006,8,genuine,80,120,217.9,105.83,13.3,130.3,39.88,46.2,0.3944,0.0499,122.82,191.84,369.62,1087.32,0.1963,1.645,148.19,0.7169,0.935,0.1301,0.9745
S008G007,8,genuine,80,120,222.5,104.03,13.3,16.8,39.88,33.2,0.6118,0.0358,108.12,192.33,586.62,878.26,0.2489,1.236,140.32,0.8501,0.9621,0.1857,0.8813
S008G008,8,genuine,80,120,388.5,93.41,13.3,112.26,39.88,47.5,0.4993,0.0319,145.74,230.85,327.9,632.9,0.2174,1.283,119.58,0.8367,0.874,0.1087,1
S008G009,8,genuine,80,120,273.8,92.82,13.3,82.46,39.88,37.2,0.5415,0.0449,122.55,237.13,422.5,929.92,0.2598,2.663,127.9,0.7014,1,0.0916,0.9469
S008G010,8,genuine,80,120,386.1,109.73,13.3,11.92,39.88,48.5,0.5446,0.0517,117.83,174.39,456.43,691.22,0.2449,2.606,137.58,0.8254,0.7492,0.0442,0.7953
S008G011,8,genuine,80,120,313.0,96.58,13.3,91.69,39.88,49.8,0.4954,0.0568,133.0,206.43,427.71,831.05,0.2145,1.395,126.3,0.7788,0.8756,0.3581,0.7734
S008G012,8,genuine,80,120,203.1,101.91,13.3,55.2,39.88,34.1,0.4965,0.0474,142.73,217.58,514.59,816.03,0.237,2.54,117.74,0.8034,0.6683,0.1218,1
S008G013,8,genuine,80,120,355.1,96.27,13.3,105.85,39.88,44.9,0.6072,0.0288,124.98,230.45,603.9,1153.93,0.24,1.229,136.47,1,0.8821,0.2654,0.7349
S008G014,8,genuine,80,120,325.3,101.03,13.3,109.84,39.88,42.8,0.5879,0.0319,155.67,199.45,442.99,669.82,0.2577,1.988,121.21,0.9707,0.9958,0.2482,0.9844
S008G015,8,genuine,80,120,369.9,80.54,13.3,141.81,39.88,41.6,0.5431,0.0408,136.84,211.39,443.53,924.91,0.1998,1.553,110.15,0.7355,0.9165,0.139,0.7592
S008G016,8,genuine,80,120,244.2,80.1,13.3,37.54,39.88,39.1,0.4286,0.0582,170.01,197.23,463.68,869.75,0.2578,2.226,102.92,0.9065,0.9312,0.1863,1
S008G017,8,genuine,80,120,313.9,98.16,13.3,164.91,39.88,51.4,0.4918,0.0511,136.28,189.14,492.71,998.09,0.1973,0.739,149.05,0.805,0.882,0,0.9861
S008G018,8,genuine,80,120,352.6,101.44,13.3,92.01,39.88,36.4,0.5086,0.0585,117.58,228.14,511.33,836.66,0.2166,2.327,147.19,0.7627,0.6627,0.1932,0.83
S008G019,8,genuine,80,120,359.6,69.47,13.3,144.24,39.88,40.5,0.4981,0.0332,129.76,180.37,415.06,892.68,0.2755,1.88,108.73,0.8064,0.808,0.3244,0.9592
S008G020,8,genuine,80,120,222.5,82.32,13.3,68.31,39.88,45.0,0.4331,0.0575,120.29,202.49,385.4,836.06,0.2496,1.706,115.55,0.6986,0.9872,0,0.8369
S008G021,8,genuine,80,120,233.2,88.66,13.3,128.8,39.88,49.5,0.4721,0.0345,105.63,219.04,475.34,808.23,0.2323,1.146,128.44,0.6514,1,0.2237,0.9195
S008G022,8,genuine,80,120,287.8,86.83,13.3,102.3,39.88,49.4,0.5314,0.0471,128.12,187.38,609.6,828.66,0.243,1.393,131.68,0.7484,0.8664,0.0917,0.8076
S008G023,8,genuine,80,120,334.3,85.45,13.3,97.93,39.88,56.4,0.4652,0.0287,118.85,207.48,452.98,949.13,0.2199,1.571,134.47,0.8706,0.8615,0.2322,0.8515
S008G024,8,genuine,80,120,239.0,108.19,13.3,95.53,39.88,52.3,0.529,0.0445,150.74,238.54,355.17,863.81,0.2525,2.179,132.45,0.8204,0.7529,0.1819,0.9665
S008G025,8,genuine,80,120,299.4,81.97,13.3,32.25,39.88,45.5,0.483,0.0506,131.17,197.97,418.32,989.73,0.1803,1.461,113.18,0.8088,1,0.024,0.977
S008G026,8,genuine,80,120,209.4,93.01,13.3,135.02,39.88,42.2,0.6652,0.0292,132.84,189.7,417.14,820.96,0.2413,1.468,126.5,0.7617,0.9126,0.1391,0.9339
S008G027,8,genuine,80,120,312.2,102.21,13.3,158.09,39.88,53.2,0.6536,0.0453,104.23,187.49,292.05,1091.82,0.2566,0.907,129.67,0.9575,0.9665,0.2809,0.8752
S008G028,8,genuine,80,120,329.2,99.85,13.3,133.28,39.88,40.6,0.5553,0.0455,128.24,218.25,445.91,1005.52,0.2664,1.35,133.12,0.8084,0.9366,0.216,0.9607
S008G029,8,genuine,80,120,281.8,94.94,13.3,95.82,39.88,34.0,0.5328,0.0398,136.33,212.38,552.28,773.54,0.2066,2.17,127.38,0.7988,0.8701,0.0854,0.8854
S008G030,8,genuine,80,120,364.2,106.57,13.3,128.2,39.88,38.6,0.5047,0.0474,121.19,207.91,415.51,1139.9,0.2401,0.873,110.01,0.7602,0.8959,0.0203,1
S008G031,8,genuine,80,120,302.1,94.39,13.3,120.22,39.88,45.4,0.5099,0.0528,124.22,229.92,668.18,874.81,0.2418,1.809,125.01,0.8248,0.8709,0.2114,0.7907
S008G032,8,genuine,80,120,318.2,90.21,13.3,46.05,39.88,47.2,0.4823,0.0714,175.92,166.89,328.52,768.26,0.2308,1.26,127.94,0.8744,0.8361,0.1792,0.9013
S008G033,8,genuine,80,120,133.7,100.23,13.3,-20.38,39.88,40.1,0.5301,0.0391,132.97,201.99,620.14,959.52,0.2282,1.285,138.02,0.7905,0.8672,0.0812,0.8939
S008G034,8,genuine,80,120,261.0,106.5,13.3,129.1,39.88,35.2,0.5529,0.0367,168.48,194.17,403.94,999.45,0.2516,1.601,115.37,0.7671,0.9282,0.2441,0.9283
S008G035,8,genuine,80,120,343.7,121.69,13.3,57.0,39.88,42.2,0.4846,0.0598,148.84,248.11,339.89,606.37,0.2421,2.052,112.62,0.7903,0.8908,0.1585,0.8458
S008G036,8,genuine,80,120,286.6,81.21,13.3,80.1,39.88,45.9,0.5231,0.0335,108.6,222.32,533.58,899.21,0.2678,1.325,137.9,0.696,1,0.1163,0.9243
S008G037,8,genuine,80,120,319.3,69.82,13.3,73.68,39.88,45.5,0.447,0.039,144.01,214.73,256.37,803.95,0.1627,0.96,126.31,0.8614,1,0.2078,0.8277
S008G038,8,genuine,80,120,330.9,87.95,13.3,96.63,39.88,51.3,0.6002,0.0506,159.28,188.39,702.54,963.91,0.2694,1.317,136.51,0.7247,0.798,0.1527,0.9478
S008G039,8,genuine,80,120,243.8,98.03,13.3,178.46,39.88,53.7,0.591,0.0402,141.69,205.11,731.22,999.01,0.2254,1.357,138.41,0.7588,0.8172,0.2503,0.9137
S008G040,8,genuine,80,120,365.5,81.35,13.3,84.56,39.88,37.9,0.5333,0.0364,159.74,196.15,298.79,645.84,0.2357,2.052,134.25,0.785,0.8671,0.1462,0.8089
S008G041,8,genuine,80,120,326.2,76.51,13.3,7.53,39.88,38.9,0.5725,0.0193,108.6,201.74,448.58,975.6,0.2309,1.319,109.89,0.8416,0.7583,0.1365,1
S008G042,8,genuine,80,120,185.4,95.3,13.3,111.3,39.88,44.0,0.5556,0.025,118.86,211.25,431.86,647.14,0.246,1.188,135.18,0.8355,0.7752,0,0.9005
S008G043,8,genuine,80,120,375.3,84.35,13.3,87.05,39.88,36.2,0.6008,0.0469,119.75,171.76,395.3,1144.57,0.2285,1.434,122.15,0.8901,0.8335,0.2979,0.9243
S008G044,8,genuine,80,120,387.6,83.27,13.3,96.96,39.88,45.6,0.6152,0.0439,124.5,247.11,531.65,1037.55,0.2503,1.938,121.98,0.8771,0.8964,0.1872,0.7722
S008G045,8,genuine,80,120,195.4,100.35,13.3,65.17,39.88,47.0,0.5007,0.0461,121.1,228.47,413.71,1200.3,0.2482,2.131,119.05,0.7508,0.8063,0.1543,0.8336
S008G046,8,genuine,80,120,345.4,82.41,13.3,114.42,39.88,45.5,0.5715,0.0319,117.16,227.51,331.48,848.76,0.2301,1.594,136.56,0.7884,0.8072,0.2143,0.8796
S008G047,8,genuine,80,120,379.7,109.12,13.3,175.6,39.88,40.7,0.5947,0.046,125.84,210.92,309.82,1009.22,0.2362,1.754,119.93,0.721,0.9326,0.201,0.9335
S008G048,8,genuine,80,120,325.2,92.99,13.3,133.1,39.88,35.5,0.5556,0.0266,125.21,217.19,582.77,1062.55,0.2435,1.836,131.52,0.7715,0.9616,0.1644,0.7887
S008G049,8,genuine,80,120,326.7,79.33,13.3,144.51,39.88,43.0,0.5014,0.0282,153.03,155.66,425.67,817.21,0.2729,1.558,131.79,0.8624,0.9988,0.0629,0.8848
S008I000,8,impostor,80,120,376.1,77.01,16.48,117.04,26.75,74.4,0.381,0.0774,146.47,257.29,540.81,714.95,0.1849,3.404,91.25,0.4347,0.4221,0.8756,0.2859
S008I001,8,impostor,80,120,328.6,118.77,32.45,99.81,36.06,57.7,0.6384,0.1303,168.67,210.57,420.31,908.28,0.1802,1.92,83.73,0.5396,0.5352,0.6431,0.3608
S008I002,8,impostor,80,120,477.5,33.71,27.55,77.08,26.94,65.5,0.6526,0.157,99.96,281.07,198.61,832.94,0.1678,3.735,142.77,0.5008,0.5153,0.693,0.1776
S008I003,8,impostor,80,120,346.0,93.23,12.16,147.15,27.07,66.1,0.4498,0.0802,147.47,353.16,249.96,156.95,0.1601,2.81,140.3,0.4976,0.4963,0.7971,0.3071
S008I004,8,impostor,80,120,398.0,95.45,20.01,108.2,34.25,90.5,0.556,0.0552,199.74,177.75,353.12,-399.01,0.0075,2.047,99.42,0.7148,0.4231,0.6617,0.3658
S008I005,8,impostor,80,120,413.3,68.93,32.45,52.28,36.06,59.5,0.6678,0.1337,135.0,258.49,593.59,1384.03,0.251,2.175,120.62,0.6292,0.3217,0.6383,0.3737
S008I006,8,impostor,80,120,427.8,179.3,29.82,123.57,46.53,45.0,0.701,0.0459,196.76,264.77,435.98,559.89,0.1693,3.885,110.06,0.4942,0.4723,0.6497,0.3248
S008I007,8,impostor,80,120,418.0,126.22,31.07,153.56,38.06,40.7,0.7613,0.0378,110.29,238.94,163.57,562.34,0.092,3.159,113.7,0.5469,0.6707,0.8326,0.2984
S008I008,8,impostor,80,120,391.4,78.57,31.07,137.26,38.06,31.6,0.696,0.0531,139.38,201.69,214.91,439.71,0.0801,3.47,119.34,0.5147,0.3764,0.704,0.3476
S008I009,8,impostor,80,120,438.4,126.76,32.45,63.14,36.06,60.9,0.5952,0.1306,199.17,236.88,390.26,690.62,0.2117,2.597,97.81,0.5886,0.2503,0.8163,0.3242
S008I010,8,impostor,80,120,384.5,101.51,31.07,166.96,38.06,9.8,0.8678,0.0359,122.35,235.73,270.2,639.09,0.1174,2.302,110.95,0.6676,0.377,0.7485,0.3338
S008I011,8,impostor,80,120,396.2,61.83,31.07,201.64,38.06,21.3,0.6801,0.0372,119.27,296.69,545.92,612.38,0.1276,3.17,144.83,0.6244,0.5611,0.7257,0.3579
S008I012,8,impostor,80,120,320.1,72.31,16.56,92.74,27.62,59.6,0.6206,0.0488,208.46,139.68,619.84,520.89,0.2019,3.385,118.26,0.6072,0.5407,0.7906,0.4495
S008I013,8,impostor,80,120,485.8,62.11,16.56,164.42,27.62,69.4,0.5759,0.0141,187.49,111.59,709.48,590.46,0.1352,4.064,150.56,0.4507,0.5566,0.8278,0.3878
S008I014,8,impostor,80,120,251.5,91.93,13.84,77.13,50.61,55.8,0.8791,0.1105,146.66,159.88,418.09,973.24,0.0669,1.249,67.07,0.4993,0.3237,0.8204,0.421
S008I015,8,impostor,80,120,423.9,112.0,31.07,110.0,38.06,34.2,0.6418,0.0377,147.76,232.29,614.15,650.83,0.0736,2.879,121.15,0.6219,0.3131,0.6675,0.2778
S008I016,8,impostor,80,120,344.7,76.66,16.48,132.34,26.75,65.8,0.3639,0.0916,183.81,276.65,352.84,1337.11,0.1367,3.585,108.79,0.5073,0.4862,0.6512,0.3569
S008I017,8,impostor,80,120,273.5,84.45,27.55,62.8,26.94,67.3,0.7961,0.1523,171.15,253.11,136.61,849.3,0.1725,3.133,125.92,0.6903,0.4448,0.8039,0.3463
S008I018,8,impostor,80,120,222.2,81.0,32.45,147.58,36.06,55.8,0.5329,0.1334,183.42,283.25,708.17,1140.37,0.2139,2.008,82.92,0.5478,0.4303,0.6308,0.397
S008I019,8,impostor,80,120,381.7,83.01,27.55,41.95,26.94,63.0,0.7357,0.1367,129.32,266.81,328.46,1133.33,0.193,3.167,98.42,0.5266,0.3504,0.7766,0.2691
S009G000,9,genuine,80,120,273.3,104.9,23.9,137.09,29.28,24.8,0.6048,0.0452,138.77,250.22,627.97,651.47,0.1283,2.682,115.23,1,0.7696,0.3136,1
S009G001,9,genuine,80,120,230.8,65.01,23.9,150.92,29.28,14.4,0.7047,0.038,109.02,247.9,578.31,682.97,0.1063,3.09,139.29,0.849,0.7221,0.1447,0.9185
S009G002,9,genuine,80,120,207.7,87.71,23.9,153.5,29.28,18.6,0.6934,0.0384,106.68,233.68,542.19,420.37,0.0913,3.121,118.65,0.8431,0.8782,0.3041,0.9678
S009G003,9,genuine,80,120,238.5,71.28,23.9,154.03,29.28,26.3,0.6527,0.019,121.7,288.47,635.65,639.23,0.1049,2.913,114.62,0.9,1,0.2233,0.8987
S009G004,9,genuine,80,120,410.9,126.66,23.9,166.58,29.28,57.8,0.6231,0.0056,128.14,233.97,500.47,521.53,0.073,3.562,120.39,0.8872,0.7579,0.254,0.8743
S009G005,9,genuine,80,120,273.0,125.91,23.9,142.84,29.28,23.8,0.8122,0.0279,124.66,247.57,431.72,429.14,0.1443,3.0,120.3,0.8005,0.795,0,0.8713
S009G006,9,genuine,80,120,343.3,99.54,23.9,134.59,29.28,17.5,0.6159,0.039,124.37,246.37,317.7,464.0,0.1032,3.461,133.2,0.8522,0.9424,0.0673,0.9297
S009G007,9,genuine,80,120,360.7,61.79,23.9,54.41,29.28,27.8,0.7402,0.0169,135.05,225.18,335.99,511.58,0.049,2.624,115.07,0.8722,0.7371,0.045,0.9454
S009G008,9,genuine,80,120,267.3,79.35,23.9,146.21,29.28,6.8,0.5965,0.0347,116.94,275.54,387.22,274.6,0.0645,2.764,125.69,0.8426,0.9062,0.0716,0.9565
S009G009,9,genuine,80,120,320.2,112.39,23.9,153.2,29.28,20.5,0.7296,0.0375,103.93,270.13,285.17,408.38,0.1106,2.636,125.88,0.7025,0.7589,0.0474,0.7823
S009G010,9,genuine,80,120,355.2,105.54,23.9,151.11,29.28,39.2,0.6767,0.0276,137.38,234.53,334.0,409.13,0.166,2.608,143.55,0.8671,0.919,0.1226,0.8687
S009G011,9,genuine,80,120,302.8,136.93,23.9,158.56,29.28,34.1,0.7239,0.0223,118.74,214.26,611.3,331.86,0.131,2.586,103.73,0.9255,0.8029,0.2199,0.8359
S009G012,9,genuine,80,120,299.6,34.57,23.9,193.76,29.28,23.5,0.6127,0.0325,140.56,221.89,341.41,607.8,0.0978,3.099,130.28,0.7817,0.7894,0.2052,0.7767
S009G013,9,genuine,80,120,203.3,83.65,23.9,170.45,29.28,27.3,0.7905,0.0337,123.49,255.2,477.16,423.55,0.12,2.457,117.52,0.8262,0.782,0.0005,0.8498
S009G014,9,genuine,80,120,354.0,96.06,23.9,180.94,29.28,35.6,0.6895,0.0198,96.95,218.86,454.42,712.75,0.123,2.924,128.17,0.9096,0.8212,0.2156,0.9413
S009G015,9,genuine,80,120,233.0,105.75,23.9,159.86,29.28,25.3,0.6342,0.022,122.06,241.44,472.2,376.74,0.0976,2.853,116.65,0.9157,0.9615,0.128,1
S009G016,9,genuine,80,120,366.3,120.79,23.9,150.26,29.28,35.7,0.5998,0.0306,137.79,244.31,218.34,380.18,0.1509,4.281,130.02,0.7286,0.8464,0,0.9065
S009G017,9,genuine,80,120,301.9,113.96,23.9,202.28,29.28,22.8,0.543,0.0264,137.01,231.24,440.98,552.74,0.1405,2.529,119.61,0.8604,0.792,0.0244,0.9338
S009G018,9,genuine,80,120,318.7,84.92,23.9,157.97,29.28,26.7,0.6722,0.0362,115.84,265.81,489.56,263.04,0.113,3.973,147.6,0.644,0.9642,0.0405,0.9093
S009G019,9,genuine,80,120,390.8,127.96,23.9,138.44,29.28,55.6,0.7115,0.024,122.25,213.95,448.57,408.29,0.1239,2.704,143.73,0.8854,1,0.0926,0.7199
S009G020,9,genuine,80,120,182.1,76.41,23.9,177.95,29.28,38.3,0.5514,0.0214,83.3,246.31,581.17,552.18,0.1159,2.538,128.53,0.965,0.7431,0.2026,0.9333
S009G021,9,genuine,80,120,316.9,150.67,23.9,127.73,29.28,31.9,0.695,0.0382,125.55,224.06,185.57,658.87,0.1065,4.058,130.91,0.9449,0.8671,0.2824,0.8301
S009G022,9,genuine,80,120,322.4,90.94,23.9,101.29,29.28,13.0,0.6914,0.0338,128.43,216.22,282.2,301.13,0.1732,3.052,110.0,0.8011,0.7726,0.2629,0.9722
S009G023,9,genuine,80,120,360.6,92.3,23.9,140.19,29.28,35.2,0.6277,0.031,104.12,251.8,851.79,322.48,0.1541,3.595,110.05,0.8319,1,0.2565,0.8794
S009G024,9,genuine,80,120,356.4,119.59,23.9,117.0,29.28,17.8,0.5817,0.0223,126.68,244.33,729.41,483.68,0.1451,2.597,108.13,0.7245,0.7943,0,0.9861
S009G025,9,genuine,80,120,263.4,93.35,23.9,68.42,29.28,29.1,0.634,0.0211,95.69,255.13,490.69,363.31,0.0693,3.295,122.03,0.834,0.9784,0.1481,1
S009G026,9,genuine,80,120,317.5,91.37,23.9,129.84,29.28,28.9,0.6299,0.0253,135.31,212.65,463.93,293.75,0.1556,2.506,136.27,0.7621,0.8146,0.1308,0.8958
S009G027,9,genuine,80,120,238.9,119.95,23.9,129.85,29.28,32.5,0.6106,0.0307,109.47,212.32,521.18,345.81,0.0526,2.874,137.04,0.7785,0.7849,0.1998,0.8959
S009G028,9,genuine,80,120,209.4,92.38,23.9,185.39,29.28,31.1,0.616,0.0337,128.28,252.54,354.96,288.87,0.0558,3.623,114.01,0.802,0.7419,0.1049,0.9375
S009G029,9,genuine,80,120,305.4,81.55,23.9,122.58,29.28,43.6,0.6469,0.03,116.46,266.09,414.19,645.96,0.0899,2.338,119.65,0.8476,0.7488,0.2218,0.8958
S009G030,9,genuine,80,120,307.3,119.79,23.9,128.12,29.28,24.9,0.7799,0.0238,100.0,248.78,312.9,402.63,0.1065,2.158,123.86,0.6644,0.9009,0.2824,0.9474
S009G031,9,genuine,80,120,234.1,101.77,23.9,81.03,29.28,36.9,0.6127,0.0364,138.49,272.66,494.04,725.38,0.1163,2.254,116.7,0.751,0.8544,0.1315,0.8028
S009G032,9,genuine,80,120,209.3,123.78,23.9,117.12,29.28,38.3,0.6612,0.0271,122.59,234.69,323.3,477.13,0.1718,3.025,107.23,0.7028,0.7826,0.16,0.9397
S009G033,9,genuine,80,120,238.5,83.61,23.9,123.1,29.28,20.2,0.6751,0.0132,113.09,249.81,511.9,523.68,0.1235,3.528,108.09,0.9201,0.8378,0.1306,0.773
S009G034,9,genuine,80,120,317.2,142.03,23.9,157.97,29.28,38.8,0.6658,0.0312,122.7,236.81,273.67,768.3,0.1085,3.081,129.71,0.8363,0.861,0.2174,0.8876
S009G035,9,genuine,80,120,348.3,128.04,23.9,87.12,29.28,32.1,0.7449,0.016,99.42,282.52,343.13,570.21,0.0643,3.07,128.8,0.7172,0.9003,0.211,0.9021
S009G036,9,genuine,80,120,270.9,129.52,23.9,94.37,29.28,15.5,0.8113,0.0341,144.03,260.95,402.61,471.91,0.107,2.362,96.37,0.8988,0.9905,0.1075,0.9845
S009G037,9,genuine,80,120,236.8,82.1,23.9,142.42,29.28,35.1,0.7717,0.0245,105.42,255.2,484.64,521.09,0.0745,2.894,105.05,0.8184,0.7749,0.0953,0.815
S009G038,9,genuine,80,120,230.4,111.62,23.9,84.55,29.28,40.3,0.6584,0.0293,131.37,240.32,42.7,659.47,0.0659,2.336,119.26,0.9691,0.8476,0.0145,0.8635
S009G039,9,genuine,80,120,348.2,102.09,23.9,94.78,29.28,39.1,0.6813,0.0366,102.62,220.84,522.8,527.9,0.1122,2.434,111.3,0.8456,0.7736,0,0.9773
S009G040,9,genuine,80,120,424.6,92.39,23.9,79.87,29.28,20.7,0.7014,0.0233,108.11,223.88,403.37,836.13,0.1034,2.376,160.11,0.8929,1,0.2038,0.9143
S009G041,9,genuine,80,120,253.5,107.1,23.9,138.58,29.28,23.7,0.6987,0.0334,113.0,252.76,494.57,309.93,0.1557,2.999,139.19,0.9296,0.8279,0,0.828
S009G042,9,genuine,80,120,291.3,75.22,23.9,121.1,29.28,28.0,0.7312,0.0236,102.15,266.64,489.11,601.86,0.1009,3.184,110.03,0.6859,0.9125,0.1898,0.9115
S009G043,9,genuine,80,120,294.6,107.03,23.9,125.35,29.28,32.3,0.5677,0.0454,104.13,269.24,449.97,272.73,0.121,2.545,104.42,0.769,0.9487,0.0705,0.9192
S009G044,9,genuine,80,120,411.5,94.81,23.9,169.38,29.28,26.3,0.7864,0.0184,137.05,237.25,621.11,366.28,0.1251,3.425,129.73,0.715,0.8412,0.1416,0.8922
S009G045,9,genuine,80,120,239.0,88.82,23.9,178.94,29.28,25.5,0.6376,0.0166,125.95,223.43,414.89,489.36,0.121,3.644,124.22,0.7048,0.9077,0.307,0.9755
S009G046,9,genuine,80,120,344.2,53.63,23.9,126.52,29.28,29.6,0.7458,0.0411,91.14,245.91,635.96,569.24,0.0963,3.117,108.13,0.8202,0.7594,0.4374,0.7968
S009G047,9,genuine,80,120,492.3,99.69,23.9,125.97,29.28,24.8,0.6221,0.0283,95.45,258.32,461.96,423.45,0.1066,2.935,127.56,0.8755,0.5457,0.282,0.8294
S009G048,9,genuine,80,120,238.7,88.48,23.9,133.16,29.28,25.5,0.686,0.0366,125.45,227.09,561.43,664.01,0.0807,2.997,101.13,0.7529,0.9863,0.091,0.8399
S009G049,9,genuine,80,120,246.5,110.11,23.9,110.82,29.28,21.1,0.74,0.0401,120.07,268.3,413.59,429.3,0.141,3.39,124.5,0.9269,0.8446,0.2581,0.8935
S009I000,9,impostor,80,120,343.9,103.23,20.01,95.3,34.25,69.7,0.5206,0.0571,200.5,182.29,360.45,359.38,0.0498,1.611,120.92,0.6431,0.2786,0.7953,0.3049
S009I001,9,impostor,80,120,508.5,96.68,13.84,84.0,50.61,47.4,0.7611,0.1136,117.62,131.55,533.79,860.95,0.1124,1.507,69.38,0.5103,0.4134,0.5851,0.3018
S009I002,9,impostor,80,120,451.1,171.19,29.82,165.31,46.53,36.5,0.669,0.0407,186.95,243.55,408.7,580.71,0.2025,4.812,104.45,0.4928,0.4769,0.6945,0.2269
S009I003,9,impostor,80,120,517.9,88.05,32.45,124.97,36.06,57.1,0.7805,0.1394,168.98,219.64,934.45,905.79,0.2565,2.501,101.81,0.5138,0.5154,0.7801,0.4622
S009I004,9,impostor,80,120,406.3,135.35,29.82,108.62,46.53,69.2,0.4693,0.0518,180.54,220.92,429.97,458.82,0.136,3.819,92.4,0.6291,0.4406,0.7825,0.2447
S009I005,9,impostor,80,120,320.9,96.83,17.29,103.02,51.84,36.5,0.4723,0.0417,130.1,213.51,371.93,661.46,0.2095,1.506,111.19,0.4152,0.2917,0.7879,0.3281
S009I006,9,impostor,80,120,488.5,189.72,29.82,36.71,46.53,26.5,0.8651,0.0204,185.06,256.41,488.26,1046.02,0.1392,4.033,111.2,0.5393,0.4607,0.5684,0.5184
S009I007,9,impostor,80,120,291.2,76.54,20.01,127.53,34.25,93.4,0.7469,0.0447,165.63,229.74,368.27,258.25,0.0179,2.819,80.81,0.6596,0.4004,0.7751,0.2438
S009I008,9,impostor,80,120,503.1,49.99,17.29,96.91,51.84,39.1,0.513,0.0489,151.57,237.97,645.15,869.78,0.1753,2.128,90.56,0.5517,0.4215,0.5217,0.2788
S009I009,9,impostor,80,120,532.4,87.71,12.16,175.36,27.07,62.0,0.7307,0.0923,109.8,314.82,305.12,177.35,0.184,2.718,136.2,0.4332,0.3467,0.8193,0.1589
S009I010,9,impostor,80,120,368.4,70.03,20.01,75.19,34.25,92.0,0.5445,0.0564,148.46,204.43,323.83,675.73,0.0657,2.343,96.77,0.6554,0.4813,0.6857,0.3201
S009I011,9,impostor,80,120,176.7,108.3,20.01,120.01,34.25,85.2,0.3775,0.0529,168.6,155.12,448.5,214.06,0.0211,2.283,120.46,0.526,0.4342,0.6244,0.2747
S009I012,9,impostor,80,120,461.6,86.21,32.45,101.33,36.06,57.4,0.5919,0.1297,190.23,224.99,587.99,1293.87,0.275,2.718,117.52,0.6755,0.5374,0.6886,0.2982
S009I013,9,impostor,80,120,303.4,83.53,17.29,137.97,51.84,43.4,0.5706,0.0494,139.3,208.41,663.56,807.3,0.2188,1.364,118.23,0.5201,0.5057,0.6942,0.2824
S009I014,9,impostor,80,120,323.2,78.74,16.48,100.94,26.75,56.5,0.499,0.0931,120.43,307.96,405.75,922.82,0.1672,3.758,120.55,0.7139,0.4547,0.7475,0.3149
S009I015,9,impostor,80,120,443.3,100.53,12.16,124.19,27.07,66.8,0.7537,0.0618,142.35,292.5,371.88,255.6,0.1618,3.72,125.33,0.5147,0.5076,0.7842,0.2955
S009I016,9,impostor,80,120,432.6,167.04,29.82,131.73,46.53,69.2,0.9585,0.0392,217.28,294.09,439.99,134.93,0.1358,4.511,80.13,0.5348,0.5055,0.7791,0.2222
S009I017,9,impostor,80,120,559.9,67.22,16.48,127.12,26.75,49.1,0.4406,0.0647,144.56,261.69,434.42,731.24,0.2006,3.354,126.12,0.5582,0.4307,0.6313,0.4328
S009I018,9,impostor,80,120,369.1,71.95,13.84,76.6,50.61,61.0,0.3769,0.0868,118.7,187.41,553.97,380.41,0,2.185,92.36,0.5764,0.3942,0.7129,0.3255
S009I019,9,impostor,80,120,294.5,68.67,12.16,139.43,27.07,64.4,0.5622,0.0723,155.93,308.08,484.86,865.2,0.2395,2.192,168.51,0.7232,0.4425,0.7223,0.371
S010G000,10,genuine,80,120,302.7,82.82,12.74,133.97,21.25,67.6,0.63,0.0181,190.27,111.58,595.85,251.3,0.1437,3.233,125.68,0.7715,0.7478,0.1203,0.8226
S010G001,10,genuine,80,120,345.3,75.71,12.74,120.87,21.25,60.6,0.5958,0.0115,201.33,139.23,621.94,481.07,0.1587,2.873,130.1,0.8384,0.9269,0.0543,0.9789
S010G002,10,genuine,80,120,284.0,85.98,12.74,110.24,21.25,75.0,0.647,0.0276,172.0,138.17,608.57,797.01,0.1467,3.384,129.79,0.9065,0.9049,0.1313,0.9585
S010G003,10,genuine,80,120,151.7,96.55,12.74,141.35,21.25,62.6,0.5321,0.0458,194.25,121.86,644.1,562.43,0.1206,4.019,131.64,1,1,0.3851,0.9083
S010G004,10,genuine,80,120,310.0,77.3,12.74,120.75,21.25,88.5,0.6845,0.025,200.58,145.25,698.07,895.67,0.1397,3.426,133.49,0.819,0.6696,0.0475,0.9546
S010G005,10,genuine,80,120,240.5,85.44,12.74,108.37,21.25,72.0,0.5519,0.0341,219.15,115.87,625.65,409.03,0.1347,4.071,139.25,0.7051,0.9323,0.0991,0.8113
S010G006,10,genuine,80,120,341.0,72.55,12.74,144.64,21.25,82.6,0.6593,0.0145,195.04,117.6,656.12,754.7,0.181,3.733,123.71,0.7698,0.8796,0.2502,0.7449
S010G007,10,genuine,80,120,303.8,77.38,12.74,107.74,21.25,60.2,0.6131,0.0335,172.91,119.94,706.91,386.13,0.1914,3.113,133.41,0.7539,0.8477,0.12,0.809
S010G008,10,genuine,80,120,275.3,85.25,12.74,120.04,21.25,54.2,0.6865,0.0312,204.58,129.03,592.38,884.31,0.2004,3.031,124.59,0.8228,0.7927,0.1944,0.9613
S010G009,10,genuine,80,120,202.8,90.9,12.74,95.37,21.25,65.3,0.3626,0.0235,215.84,138.74,605.78,532.95,0.1794,3.607,131.74,0.7756,0.9958,0.1866,0.8646
S010G010,10,genuine,80,120,215.3,52.05,12.74,99.85,21.25,67.9,0.5283,0.0415,197.08,146.87,618.88,673.57,0.1713,3.591,136.46,0.8836,0.9055,0.1191,0.8735
S010G011,10,genuine,80,120,360.0,100.16,12.74,117.9,21.25,61.7,0.5684,0.0351,161.12,118.68,508.38,712.14,0.1166,3.191,138.64,0.7985,0.9501,0.1656,0.9436
S010G012,10,genuine,80,120,310.7,65.21,12.74,126.69,21.25,68.1,0.6227,0.0199,163.87,130.36,653.45,543.31,0.1578,2.995,118.08,0.7935,0.7873,0.1693,0.7667
S010G013,10,genuine,80,120,235.3,50.25,12.74,115.61,21.25,71.7,0.5893,0.0206,187.95,108.7,659.94,494.53,0.1665,3.928,132.64,0.8537,0.8843,0.1008,0.8471
S010G014,10,genuine,80,120,302.9,76.51,12.74,149.14,21.25,59.5,0.6373,0.0027,179.93,113.86,691.07,491.47,0.151,3.723,123.71,0.8048,0.7304,0.1009,0.9041
S010G015,10,genuine,80,120,218.4,68.05,12.74,118.1,21.25,73.9,0.6547,0,202.42,112.81,711.52,441.79,0.1503,3.13,128.58,0.7485,1,0.009,0.9004
S010G016,10,genuine,80,120,355.4,88.06,12.74,108.42,21.25,61.0,0.5639,0.008,184.26,128.73,634.5,828.02,0.133,2.956,122.91,0.8749,0.6494,0.0849,0.9148
S010G017,10,genuine,80,120,324.1,75.5,12.74,151.69,21.25,66.3,0.5404,0.0207,206.78,170.02,625.42,580.82,0.184,3.294,116.97,0.791,0.8835,0.2071,0.828
S010G018,10,genuine,80,120,286.9,75.74,12.74,122.84,21.25,60.8,0.4602,0.029,173.58,128.01,616.87,776.96,0.1065,3.371,126.66,0.8642,0.9947,0.1563,0.9321
S010G019,10,genuine,80,120,260.6,89.26,12.74,124.86,21.25,74.9,0.5273,0.0295,173.4,138.74,578.36,736.48,0.1741,4.475,131.52,0.7534,0.8046,0.2007,0.8483
S010G020,10,genuine,80,120,331.0,90.89,12.74,135.79,21.25,70.1,0.8118,0.0181,227.71,133.81,675.96,624.64,0.203,3.254,145.23,0.8575,0.971,0,0.9496
S010G021,10,genuine,80,120,269.2,95.04,12.74,113.34,21.25,79.5,0.4945,0.0158,166.66,139.19,658.86,743.63,0.1906,3.937,139.81,0.7799,0.817,0.1098,0.9073
S010G022,10,genuine,80,120,385.2,100.22,12.74,163.02,21.25,63.9,0.6224,0.0164,176.46,138.69,599.42,583.69,0.1583,3.967,143.86,0.7565,0.7626,0,0.854
S010G023,10,genuine,80,120,330.6,62.49,12.74,137.09,21.25,46.6,0.6753,0.0293,203.64,117.21,590.77,736.34,0.2154,3.229,118.03,0.8,0.9558,0.1046,0.8004
S010G024,10,genuine,80,120,270.6,100.72,12.74,155.88,21.25,82.0,0.6007,0.0278,191.16,115.71,577.89,569.61,0.1477,3.314,146.73,0.9174,1,0.3612,0.9037
S010G025,10,genuine,80,120,183.6,79.65,12.74,145.66,21.25,77.7,0.8285,0.0187,181.71,144.76,523.58,579.12,0.1677,2.806,130.08,0.8145,0.8883,0.3691,0.8698
S010G026,10,genuine,80,120,281.9,82.06,12.74,168.8,21.25,48.3,0.7735,0.0273,180.53,136.57,677.57,601.86,0.1961,3.166,128.32,0.7729,0.829,0.0724,0.8296
S010G027,10,genuine,80,120,277.5,75.93,12.74,143.34,21.25,68.6,0.6091,0.0284,170.93,147.42,527.47,719.49,0.1199,2.948,130.17,0.7894,0.8409,0.0307,0.9566
S010G028,10,genuine,80,120,254.7,78.06,12.74,103.73,21.25,56.1,0.6428,0.0251,187.36,148.99,534.17,512.75,0.1343,3.518,132.02,0.9242,0.8445,0.0638,0.7928
S010G029,10,genuine,80,120,292.1,55.18,12.74,132.28,21.25,74.1,0.6074,0.0263,177.05,132.2,580.89,467.63,0.137,3.883,128.3,0.973,0.9136,0.1934,0.886
S010G030,10,genuine,80,120,250.5,78.43,12.74,118.1,21.25,69.2,0.794,0.0021,177.95,153.38,600.35,494.31,0.1737,3.137,132.33,0.8662,0.9245,0.0526,0.9222
S010G031,10,genuine,80,120,228.5,72.92,12.74,92.92,21.25,70.0,0.5789,0.0289,182.92,125.65,643.4,546.59,0.1038,2.68,149.15,0.8237,0.7512,0.1509,0.9167
S010G032,10,genuine,80,120,323.8,73.43,12.74,112.61,21.25,80.4,0.6063,0.0263,193.61,139.43,579.03,1119.54,0.1702,3.671,121.93,0.7517,0.9675,0.0794,0.9939
S010G033,10,genuine,80,120,224.5,64.0,12.74,148.95,21.25,70.8,0.4589,0.0218,177.26,156.28,657.3,918.85,0.1856,3.195,125.65,0.7712,0.799,0.1222,0.8724
S010G034,10,genuine,80,120,359.8,100.64,12.74,106.92,21.25,67.0,0.49,0.0149,219.59,155.71,672.04,576.0,0.2006,3.138,116.63,0.8937,1,0.2194,0.7911
S010G035,10,genuine,80,120,323.7,72.78,12.74,130.25,21.25,70.4,0.6587,0.0361,175.34,106.67,601.53,770.66,0.158,2.655,132.09,0.6797,0.7853,0.0948,0.9504
S010G036,10,genuine,80,120,340.1,62.47,12.74,132.69,21.25,69.8,0.4047,0.0218,174.3,103.58,737.34,416.73,0.1509,4.034,139.38,0.8665,0.8203,0.1466,1
S010G037,10,genuine,80,120,303.7,69.53,12.74,122.23,21.25,77.7,0.5687,0.0162,196.49,114.91,631.71,675.57,0.1596,3.557,144.6,0.9008,0.8954,0.0916,0.7919
S010G038,10,genuine,80,120,346.4,83.47,12.74,106.51,21.25,75.3,0.3431,0.0435,189.78,131.92,567.28,812.97,0.1513,2.902,137.8,0.6335,0.9233,0.1579,0.8539
S010G039,10,genuine,80,120,228.9,76.57,12.74,136.66,21.25,73.2,0.5407,0.0073,203.22,165.72,616.19,661.51,0.1541,3.301,117.88,0.7117,0.8459,0.1441,1
S010G040,10,genuine,80,120,418.5,72.61,12.74,144.79,21.25,90.1,0.5636,0.0075,184.6,110.19,591.26,753.89,0.1437,2.839,141.74,0.8619,0.9639,0.2167,0.7557
S010G041,10,genuine,80,120,296.6,79.88,12.74,107.5,21.25,68.8,0.4313,0.0295,209.91,164.19,576.24,853.02,0.1448,3.39,128.07,0.9407,0.8122,0.1176,0.9549
S010G042,10,genuine,80,120,262.4,70.29,12.74,103.15,21.25,62.8,0.4868,0.0231,183.17,139.96,643.5,414.86,0.1203,2.453,127.87,0.9142,0.9105,0.1045,0.8728
S010G043,10,genuine,80,120,293.2,103.06,12.74,125.93,21.25,70.4,0.5996,0.0387,218.33,115.41,654.06,521.72,0.1514,3.545,146.03,0.8759,1,0.1475,1
S010G044,10,genuine,80,120,239.1,73.52,12.74,147.41,21.25,63.2,0.6121,0.036,184.39,128.07,631.99,518.77,0.1825,3.681,146.73,0.7735,0.8742,0.2463,0.8531
S010G045,10,genuine,80,120,241.6,68.71,12.74,121.5,21.25,63.0,0.5705,0.035,200.49,132.57,593.04,470.75,0.1723,3.394,144.93,0.8915,0.8622,0.3171,0.9026
S010G046,10,genuine,80,120,325.6,83.96,12.74,148.31,21.25,66.9,0.531,0.0267,196.71,123.2,631.68,802.31,0.1317,3.126,125.15,0.7976,0.6965,0.0189,0.8076
S010G047,10,genuine,80,120,215.3,67.05,12.74,114.31,21.25,68.6,0.5439,0.0285,184.31,156.43,774.76,826.39,0.1558,3.256,127.65,0.7889,0.8647,0.0601,0.9957
S010G048,10,genuine,80,120,343.8,93.81,12.74,148.6,21.25,83.7,0.7149,0.0085,213.68,143.01,658.29,912.74,0.1938,3.23,141.73,0.8534,1,0.2195,0.7662
S010G049,10,genuine,80,120,367.1,80.39,12.74,189.2,21.25,77.8,0.7244,0.0096,201.13,105.98,597.9,387.71,0.1647,3.111,157.19,0.7685,0.7733,0.1559,0.8647
S010I000,10,impostor,80,120,339.7,89.32,27.55,50.77,26.94,64.4,0.5617,0.1424,146.69,285.61,282.13,927.2,0.2248,4.229,96.66,0.588,0.5036,0.6326,0.3426
S010I001,10,impostor,80,120,457.6,67.69,17.29,172.0,51.84,44.1,0.4426,0.0587,131.37,223.55,509.35,900.95,0.261,1.785,129.92,0.5614,0.4194,0.5353,0.3708
S010I002,10,impostor,80,120,330.4,74.16,12.16,168.3,27.07,66.3,0.6634,0.0711,154.3,287.23,348.63,503.26,0.1482,3.658,149.57,0.5736,0.4864,0.5334,0.3965
S010I003,10,impostor,80,120,519.4,82.77,16.48,127.77,26.75,34.4,0.4899,0.084,147.19,279.11,555.97,839.06,0.168,2.77,114.14,0.55,0.5886,0.7597,0.3036
S010I004,10,impostor,80,120,340.8,97.68,13.84,34.61,50.61,53.4,0.4627,0.1056,173.67,148.91,330.18,927.73,0,1.859,72.73,0.5008,0.4085,0.8505,0.3334
S010I005,10,impostor,80,120,267.2,91.13,27.55,112.78,26.94,70.8,0.7809,0.1373,141.27,282.3,272.1,1311.52,0.1678,4.126,105.12,0.5472,0.4227,0.803,0.3932
S010I006,10,impostor,80,120,390.6,132.88,31.07,92.07,38.06,49.0,0.7186,0.0479,140.53,237.52,469.53,601.43,0.0813,2.558,126.33,0.604,0.4868,0.6709,0.3824
S010I007,10,impostor,80,120,413.9,60.04,27.55,69.88,26.94,74.9,0.6931,0.1353,131.17,248.05,283.3,1118.37,0.1243,4.053,100.03,0.5033,0.6633,0.7131,0.3813
S010I008,10,impostor,80,120,259.5,80.06,31.07,187.46,38.06,25.1,0.6556,0.0332,143.98,239.2,440.95,433.85,0.1246,2.909,149.08,0.5296,0.4163,0.7382,0.2072
S010I009,10,impostor,80,120,395.8,106.27,12.16,195.58,27.07,60.7,0.5567,0.0732,126.84,357.54,290.21,624.73,0.1213,3.199,131.41,0.6586,0.4236,0.7875,0.3413
S010I010,10,impostor,80,120,300.2,94.91,17.29,165.81,51.84,30.4,0.4804,0.0506,118.29,262.27,534.91,841.49,0.2069,0.891,143.84,0.4871,0.4785,0.7056,0.3722
S010I011,10,impostor,80,120,574.1,98.28,12.16,121.33,27.07,79.5,0.5437,0.0682,119.77,321.71,488.53,333.55,0.2006,2.76,149.48,0.5208,0.2302,0.742,0.265
S010I012,10,impostor,80,120,318.3,90.65,17.29,102.24,51.84,50.7,0.4993,0.0606,139.22,212.91,445.68,617.65,0.1707,1.149,122.82,0.349,0.7459,0.6727,0.2898
S010I013,10,impostor,80,120,564.6,81.69,27.55,108.13,26.94,68.5,0.6489,0.151,144.82,242.43,199.63,780.15,0.1235,2.685,122.73,0.5445,0.4902,0.641,0.2753
S010I014,10,impostor,80,120,435.1,87.3,20.01,81.89,34.25,91.0,0.6121,0.0619,164.8,221.18,453.67,666.57,0.0142,2.318,87.87,0.5878,0.6379,0.8512,0.2684
S010I015,10,impostor,80,120,368.1,83.98,12.16,145.51,27.07,84.8,0.5864,0.0658,124.6,274.71,373.21,697.6,0.2173,3.417,134.54,0.673,0.3296,0.6597,0.4285
S010I016,10,impostor,80,120,439.4,179.21,29.82,175.31,46.53,54.4,0.8942,0.0425,194.65,197.5,407.4,301.83,0.1162,3.558,89.07,0.3951,0.4444,0.6346,0.1866
S010I017,10,impostor,80,120,379.9,104.74,16.48,63.67,26.75,46.2,0.4318,0.0833,172.29,262.62,505.67,872.19,0.1737,2.597,91.05,0.5018,0.4827,0.6276,0.3616
S010I018,10,impostor,80,120,337.4,92.29,16.48,147.09,26.75,53.2,0.4652,0.0835,188.49,259.55,351.71,908.43,0.1113,2.849,119.73,0.5064,0.4857,0.8219,0.2993
S010I019,10,impostor,80,120,374.4,81.88,32.45,126.53,36.06,65.6,0.714,0.1288,229.04,212.3,705.02,1160.27,0.2467,2.998,73.57,0.4876,0.3628,0.7581,0.1652
